url,city,price,title,location,area,bedrooms,bathrooms,property_type,built_in_year,parking_spaces,servant_quarters,store_rooms,kitchens,drawing_rooms,dining_rooms,laundry_rooms,floors,electricity_backup,internet,gas,security,water_supply
https://www.zameen.com/Property/dha_defence_dha_defence_phase_2_3_kanal_ultra_luxury_fully_furnished_mansion_for_sale_in_dha_phase_2_islamabad-54253565-339-1.html,islamabad,460000000,3 Kanal Ultra Luxury Fully Furnished Mansion For Sale in DHA Phase 2 Islamabad,"DHA Defence Phase 2, DHA Defence, Islamabad, Islamabad Capital",3 Kanal,10,7,House,2026,8,2,3,2,Yes,Yes,,,,,,,
https://www.zameen.com/Property/mpchs_multi_gardens_mpchs_-_block_f_5_marla_25x50_ultra_luxury_hybrid_unit_house_for_sale_in_mpchs_multi_garden_b17_islamabad-54253369-8527-1.html,islamabad,26000000,5 Marla (25x50) Ultra Luxury Hybrid Unit House For sale in mpchs multi Garden B17 Islamabad,"MPCHS - Block F, MPCHS - Multi Gardens, B-17, Islamabad, Islamabad Capital",5 Marla,3,4,House,2026,1,Yes,Yes,2,Yes,Yes,,,,,,,
https://www.zameen.com/Property/g_15_zarkon_heights_2_bed_for_sale_in_zarkon_heights_g15_islambad_block_b_c_d_e_f-54186281-10169-1.html,islamabad,19000000,"2 BED FOR SALE IN ZARKON HEIGHTS G15 ISLAMBAD BLOCK B,C,D,E,F","Zarkon Heights, G-15, Islamabad, Islamabad Capital",5.5 Marla,2,2,Flat,2026,1,,1,1,Yes,Yes,,,,,,,
https://www.zameen.com/Property/top_city_1_top_city_1_-_block_d_10_marla_brand_new_house_for_sale_in_top_city-1_islamabad-53681427-9233-1.html,islamabad,51000000,10 Marla Brand New House For Sale In Top City-1 Islamabad,"Top City 1 - Block D, Top City 1, Islamabad, Islamabad Capital",10 Marla,5,6,House,,Yes,Yes,Yes,Yes,Yes,Yes,,,,,,,
https://www.zameen.com/Property/mpchs_multi_gardens_mpchs_-_block_c_1_kanal_50x90_ultra_luxury_designer_corner_house_for_sale_in_block_c_mpchs_multi_garden_b-17_islamabad-54194131-3118-1.html,islamabad,105000000,1 Kanal (50x90) Ultra Luxury Designer Corner House For sale in Block C Mpchs Multi Garden B-17 Islamabad,"MPCHS - Block C, MPCHS - Multi Gardens, B-17, Islamabad, Islamabad Capital",1 Kanal,6,6,House,,3,Yes,Yes,2,Yes,Yes,,,,,,,
https://www.zameen.com/Property/islamabad_bani_gala_ideal_house_is_available_for_sale_in_bani_gala-50367010-340-1.html,islamabad,50000000,Ideal House Is Available For Sale In Bani Gala,"Bani Gala, Islamabad, Islamabad Capital",1.3 Kanal,5,6,House,2023,4,Yes,Yes,Yes,Yes,Yes,,,,,,,
https://www.zameen.com/Property/islamabad_g-13_corner_25x40_house_g-13_islamabad-54158101-330-1.html,islamabad,37500000,CORNER 25x40 HOUSE G-13 ISLAMABAD,"G-13, Islamabad, Islamabad Capital",4 Marla,5,6,House,2026,Yes,1,Yes,2,Yes,Yes,,,,,,,
https://www.zameen.com/Property/g_14_g-14_4_highly-desirable_prime_location_house_available_in_g-14_4_for_sale-53611689-3346-1.html,islamabad,93000000,Highly-Desirable Prime Location House Available In G-14/4 For Sale,"G-14/4, G-14, Islamabad, Islamabad Capital",14 Marla,8,6,House,2020,3,1,1,3,Yes,Yes,,,,,,,
https://www.zameen.com/Property/f_11_f-11_markaz_f-11_markaz_one_bedroom_apartment_available_for_sale-54227799-3286-1.html,islamabad,21500000,F-11 Markaz One Bedroom Apartment Available For Sale,"F-11 Markaz, F-11, Islamabad, Islamabad Capital",5.6 Marla,1,1,Flat,2011,1,,,1,,,,,,,,,
https://www.zameen.com/Property/f_11_f-11_2_f-11_2_brand_new_666_yards_fully-furnished_house_high-end_construction_9_bedrooms_full_basement_unparalleled_luxury_and_sophistication_price_30_crores-52722809-3283-1.html,islamabad,300000000,"F-11/2: BRAND NEW 666 Yards FULLY-FURNISHED HOUSE, HIGH-END CONSTRUCTION, 9 Bedrooms, FULL BASEMENT, Unparalleled Luxury and Sophistication, Price 30 Crores","F-11/2, F-11, Islamabad, Islamabad Capital",1.3 Kanal,9,7,House,,Yes,Yes,Yes,Yes,Yes,Yes,,,,,,,
https://www.zameen.com/Property/islamabad_river_garden_10_marla_house_duble_story_available_for_sale_in_river_garden_islamabad-54010285-1457-1.html,islamabad,45500000,10 Marla House Duble Story Available For Sale In River Garden Islamabad,"River Garden, Islamabad, Islamabad Capital",10 Marla,4,6,House,,,,,,,,,,,,,,
https://www.zameen.com/Property/dha_defence_dha_defence_phase_2_luxury_designer_house_for_sale_near_family_park-52503543-339-1.html,islamabad,109000000,Luxury Designer House For Sale Near Family Park,"DHA Defence Phase 2, DHA Defence, Islamabad, Islamabad Capital",1 Kanal,5,6,House,2024,3,2,2,2,Yes,Yes,,,,,,,
https://www.zameen.com/Property/gulberg_gulberg_greens_fully_furnished_5_kanal_luxury_farmhouse_for_sale_gulberg_green-54227704-8312-1.html,islamabad,450000000,Fully Furnished 5 Kanal Luxury Farmhouse For Sale Gulberg Green,"Gulberg Greens, Gulberg, Islamabad, Islamabad Capital",5 Kanal,6,6,Farm House,,,,,,,,,,,,,,
https://www.zameen.com/Property/mpchs_multi_gardens_mpchs_-_block_b_main_double_road-54004307-3117-1.html,islamabad,100000000,Main Double Road,"MPCHS - Block B, MPCHS - Multi Gardens, B-17, Islamabad, Islamabad Capital",1 Kanal,10,6,House,,Yes,,,,,,,,,,,,
https://www.zameen.com/Property/dha_defence_dha_defence_phase_2_an_exclusive_2_kanal_fully_furnished_modern_house_will_be_available_for_sale_within_this_month-54225791-339-1.html,islamabad,280000000,An Exclusive 2 Kanal Fully Furnished Modern House Will Be Available For Sale Within This Month.,"DHA Defence Phase 2, DHA Defence, Islamabad, Islamabad Capital",2 Kanal,6,6,House,2026,4,2,1,3,Yes,Yes,,,,,,,
https://www.zameen.com/Property/dha_defence_phase_2_al-ghurair_giga_two_bedrooms_apartment_available_for_sale_on_investor_price-54230233-15113-1.html,islamabad,11500000,Two Bedrooms Apartment Available For Sale On Investor Price,"Al-Ghurair Giga, DHA Defence Phase 2, DHA Defence, Islamabad, Islamabad Capital",5.1 Marla,2,2,Flat,2021,2,,1,Yes,Yes,Yes,,,,,,,
https://www.zameen.com/Property/bahria_enclave_bahria_enclave_-_sector_n_5_marla_beautiful_house_for_sale_sector_n-53855481-11975-1.html,islamabad,27000000,5 Marla Beautiful House for Sale | Sector N,"Bahria Enclave - Sector N, Bahria Enclave, Bahria Town, Islamabad, Islamabad Capital",5 Marla,3,5,House,2026,1,1,1,2,Yes,Yes,,,,,,,
https://www.zameen.com/Property/islamabad_f-7_renovated_1_kanal_5_bedroom_house_for_sale-53806723-165-1.html,islamabad,330000000,Renovated 1 Kanal 5 Bedroom House For Sale,"F-7, Islamabad, Islamabad Capital",1 Kanal,5,6,House,2020,3,1,,1,Yes,Yes,,,,,,,
https://www.zameen.com/Property/dha_defence_dha_defence_phase_2_designer_kanal_owner_made_kanal_house_near_central_park-53721807-339-1.html,islamabad,115000000,Designer Kanal Owner Made Kanal House Near Central Park,"DHA Defence Phase 2, DHA Defence, Islamabad, Islamabad Capital",1 Kanal,6,6,House,2024,4,1,1,2,Yes,Yes,,,,,,,
https://www.zameen.com/Property/islamabad_park_road_3_marla_four_storey_beautiful_house_for_sale-52008580-3485-1.html,islamabad,24500000,3 Marla Four Storey Beautiful House For Sale,"Park Road, Islamabad, Islamabad Capital",3 Marla,4,4,House,2024,1,1,1,1,Yes,Yes,,,,,,,
https://www.zameen.com/Property/islamabad_tarlai_10_marla_single_story_house_for_sale_prime_location_exchange_possible_in_gulberg_greens_jinnah_garden-53133869-1144-1.html,islamabad,21000000,10 Marla Single Story House for Sale | Prime Location | Exchange Possible in Gulberg Greens & Jinnah Garden,"Tarlai, Islamabad, Islamabad Capital",10 Marla,4,4,House,2016,2,,1,,Yes,Yes,,,,,,,
https://www.zameen.com/Property/park_view_city_park_view_city_-_downtown_block_furnished_corner_two-bed_apartment_for_sale_park_view_city_downtown_the_walk_urgent_for_sale-53575501-20871-1.html,islamabad,40000000,Furnished Corner Two-Bed Apartment For Sale Park View City Downtown The Walk Urgent For Sale,"Park View City - Downtown Block, Park View City, Islamabad, Islamabad Capital",6.4 Marla,2,4,Flat,,Yes,3,Yes,Yes,Yes,Yes,,,,,,,
https://www.zameen.com/Property/islamabad_park_road_12_marla_mini_commercial_house_available_for_urgent_sale_near_park_road_and_very_close_to_jerry_fedex-53840655-3485-1.html,islamabad,45000000,12 Marla Mini Commercial House Available For Urgent Sale Near Park Road And Very Close To Jerry FedEx.,"Park Road, Islamabad, Islamabad Capital",12 Marla,3,3,House,,,,,,,,,,,,,,
https://www.zameen.com/Property/lehtrar_road_gulberg_town_4_marla_single_storey_house_for_sale_gulberg_near_tramri_islamabad-53850410-15399-1.html,islamabad,10500000,4 Marla Single Storey House For Sale Gulberg Near Tramri Islamabad,"Gulberg Town, Lehtrar Road, Islamabad, Islamabad Capital",4 Marla,2,3,House,2025,1,2,1,2,Yes,Yes,,,,,,,
https://www.zameen.com/Property/dha_defence_dha_defence_phase_2_slightly_used_owner_build_house_for_sale-52491772-339-1.html,islamabad,88000000,Slightly Used Owner Build House For Sale,"DHA Defence Phase 2, DHA Defence, Islamabad, Islamabad Capital",1 Kanal,6,6,House,2024,3,2,2,2,Yes,Yes,,,,,,,
https://www.zameen.com/Property/top_city_1_top_city_1_-_block_a_affordable_house_for_sale_in_top_city_1_-_block_a-53648777-9231-1.html,islamabad,40000000,Affordable House For Sale In Top City 1 - Block A,"Top City 1 - Block A, Top City 1, Islamabad, Islamabad Capital",10 Marla,5,6,House,,2,1,1,1,Yes,Yes,,,,,,,
https://www.zameen.com/Property/islamabad_b-17_two_bedroom_corner_and_margalla_hills_facing_apartment_in_j7_emporium_b-17_islamabad-53981969-616-1.html,islamabad,36500000,Two Bedroom Corner and Margalla Hills Facing Apartment In J7 Emporium B-17 Islamabad,"B-17, Islamabad, Islamabad Capital",7.7 Marla,2,2,Flat,2021,2,1,1,2,Yes,Yes,,,,,,,
https://www.zameen.com/Property/islamabad_top_city_1_main_boulevard_house_for_sale-53705640-1383-1.html,islamabad,49500000,Main Boulevard House For Sale,"Top City 1, Islamabad, Islamabad Capital",10 Marla,6,6,House,2025,Yes,1,,2,Yes,Yes,,,,,,,
https://www.zameen.com/Property/islamabad_f-8_investor_rate_50x90_house_in_prime_f-8-53612568-166-1.html,islamabad,222500000,Investor Rate 50x90 House in Prime F-8,"F-8, Islamabad, Islamabad Capital",1 Kanal,5,6,House,,Yes,,,,,,,,,,,,
https://www.zameen.com/Property/islamabad_f-8_brand_new_triple-storey_designer_house_for_sale_in_f-8-53492540-166-1.html,islamabad,415000000,Brand New Triple-Storey Designer House For Sale In F-8,"F-8, Islamabad, Islamabad Capital",1 Kanal,6,7,House,,Yes,Yes,Yes,2,Yes,Yes,,,,,,,
https://www.zameen.com/Property/islamabad_f-11_f-11_margalla_road_666_yards_newly_built_modern_house_front_open_5_bedrooms_swimming_pool_gymnasium_prime_location_price_42_crores-54210718-163-1.html,islamabad,420000000,"F-11: Margalla Road, 666 Yards Newly Built Modern House, Front Open, 5 Bedrooms, Swimming Pool, Gymnasium, Prime Location, Price 42 Crores","F-11, Islamabad, Islamabad Capital",1.3 Kanal,5,7,House,,Yes,Yes,Yes,Yes,Yes,Yes,,,,,,,
https://www.zameen.com/Property/dha_valley_oleander_sector_oleander_sector_-_block_a_8_marla_dha_home_oleander_a_block-53367072-16476-1.html,islamabad,15500000,8 MARLA DHA HOME OLEANDER A BLOCK,"Oleander Sector - Block A, DHA Valley - Oleander Sector, DHA Valley, DHA Defence, Islamabad, Islamabad Capital",8 Marla,3,3,House,,Yes,Yes,Yes,Yes,Yes,Yes,,,,,,,
https://www.zameen.com/Property/dha_valley_lilly_sector_lilly_sector_-_dha_homes_luxury_8_marla_house_for_sale_double_storey_2_terraces_servant_quarter-53443796-16826-1.html,islamabad,15900000,"Luxury 8 Marla House For Sale Double Storey, 2 Terraces, Servant Quarter","Lilly Sector - DHA Homes, DHA Valley - Lilly Sector, DHA Valley, DHA Defence, Islamabad, Islamabad Capital",8 Marla,3,3,House,2020,2,1,1,1,Yes,Yes,,,,,,,
https://www.zameen.com/Property/dha_valley_dha_valley_-_lilly_sector_beautiful_8_marla_double-storey_villa_3_bedrooms_garden_servant_room-53445557-3214-1.html,islamabad,16000000,"Beautiful 8 Marla Double-Storey Villa 3 Bedrooms, Garden & Servant Room","DHA Valley - Lilly Sector, DHA Valley, DHA Defence, Islamabad, Islamabad Capital",8 Marla,3,3,House,2020,2,1,1,1,Yes,Yes,,,,,,,
https://www.zameen.com/Property/mpchs_multi_gardens_mpchs_-_block_c_3060_designer_house_for_sale-53414790-3118-1.html,islamabad,35000000,3060 Designer House For Sale,"MPCHS - Block C, MPCHS - Multi Gardens, B-17, Islamabad, Islamabad Capital",8 Marla,4,5,House,2025,2,,,,,,,,,,,,
https://www.zameen.com/Property/dha_defence_dha_defence_phase_2_luxury_house_brand_new_for_sale_at_reasonable_demand-52503565-339-1.html,islamabad,92500000,Luxury House Brand New For Sale At Reasonable Demand,"DHA Defence Phase 2, DHA Defence, Islamabad, Islamabad Capital",1 Kanal,6,6,House,2024,3,2,1,1,Yes,Yes,,,,,,,
https://www.zameen.com/Property/dha_defence_phase_2_dha_phase_2_-_sector_f_elegant_designer_house_avaliable-54250406-3201-1.html,islamabad,160000000,Elegant Designer House Avaliable,"DHA Phase 2 - Sector F, DHA Defence Phase 2, DHA Defence, Islamabad, Islamabad Capital",1 Kanal,5,5,House,2026,3,1,1,2,Yes,Yes,,,,,,,
https://www.zameen.com/Property/bahria_enclave_bahria_enclave_-_sector_m_semi-corner_10_5_marla_house_with_10_marla_green_belt-54224075-11977-1.html,islamabad,58000000,Semi-Corner 10.5 Marla House with 10 Marla Green Belt,"Bahria Enclave - Sector M, Bahria Enclave, Bahria Town, Islamabad, Islamabad Capital",10.5 Marla,5,7,House,2025,2,1,1,2,Yes,Yes,,,,,,,
https://www.zameen.com/Property/islamabad_bani_gala_double_storey_house_for_sale_in_bani_gala-54189087-340-1.html,islamabad,20000000,Double Storey House For Sale In Bani Gala,"Bani Gala, Islamabad, Islamabad Capital",5 Marla,4,6,House,,,,1,2,Yes,Yes,,,,,,,
https://www.zameen.com/Property/islamabad_g-9_g_9_4_35x70_house_with_extra_land_for_sale-54206059-171-1.html,islamabad,78000000,G 9/4 35x70 House With Extra Land For Sale,"G-9, Islamabad, Islamabad Capital",10 Marla,5,5,House,,Yes,1,Yes,1,Yes,Yes,,,,,,,
https://www.zameen.com/Property/islamabad_bhara_kahu_brand_new_house-54253083-156-1.html,islamabad,12500000,Brand new house,"Bhara kahu, Islamabad, Islamabad Capital",5 Marla,2,2,House,,,,2,2,Yes,Yes,,,,,,,
https://www.zameen.com/Property/canyon_views_cvrp_hyde_park_one_residential_apartment_for_sale-53106984-18872-1.html,islamabad,24800000,Residential Apartment For Sale,"Hyde Park One, Canyon Views Cvrp, Islamabad, Islamabad Capital",6.9 Marla,2,2,Flat,2026,Yes,2,1,Yes,Yes,Yes,,,,,,,
https://www.zameen.com/Property/dha_defence_dha_defence_phase_2_slightly_used_good_location_house_for_sale-52502236-339-1.html,islamabad,84000000,Slightly Used Good Location House For sale,"DHA Defence Phase 2, DHA Defence, Islamabad, Islamabad Capital",1 Kanal,6,6,House,2023,3,2,2,2,Yes,Yes,,,,,,,
https://www.zameen.com/Property/dha_defence_dha_defence_phase_2_used_owner_build_house_for_sale-52502307-339-1.html,islamabad,87000000,Used Owner Build House For Sale,"DHA Defence Phase 2, DHA Defence, Islamabad, Islamabad Capital",1 Kanal,5,6,House,,Yes,2,1,2,Yes,Yes,,,,,,,
https://www.zameen.com/Property/dha_defence_dha_defence_phase_2_most_beautiful_designer_40_marla_house_for_sale-52503202-339-1.html,islamabad,165000000,Most Beautiful Designer 40 Marla House For Sale,"DHA Defence Phase 2, DHA Defence, Islamabad, Islamabad Capital",2 Kanal,6,6,House,2025,4,2,,2,Yes,Yes,,,,,,,
https://www.zameen.com/Property/dha_defence_dha_defence_phase_2_corner_park_facing_house_for_sale_near_central_park-52503557-339-1.html,islamabad,148000000,Corner Park Facing House For Sale Near Central Park,"DHA Defence Phase 2, DHA Defence, Islamabad, Islamabad Capital",2 Kanal,8,6,House,2024,4,2,Yes,2,Yes,Yes,,,,,,,
https://www.zameen.com/Property/dha_defence_dha_defence_phase_7_dha_5_marla_villa_available_for_sale_under_wazir_e_azam_apna_ghar_scheme-53989650-22460-1.html,islamabad,8500000,DHA 5 MARLA Villa AVAILABLE FOR SALE under Wazir E azam Apna Ghar Scheme,"DHA Defence Phase 7, DHA Defence, Islamabad, Islamabad Capital",5 Marla,2,2,House,2024,5,,1,1,Yes,Yes,,,,,,,
https://www.zameen.com/Property/dha_defence_dha_defence_phase_2_1_kanal_brand_new_beautiful_designer_house_for_sale-52417300-339-1.html,islamabad,120000000,1 Kanal Brand New Beautiful Designer House For Sale,"DHA Defence Phase 2, DHA Defence, Islamabad, Islamabad Capital",1 Kanal,5,6,House,2024,3,2,2,2,Yes,Yes,,,,,,,
https://www.zameen.com/Property/dha_defence_dha_defence_phase_2_1_kanal_brand_new_beautiful_victorian_style_house_for_sale-53041861-339-1.html,islamabad,147500000,1 Kanal Brand New Beautiful Victorian Style House For Sale,"DHA Defence Phase 2, DHA Defence, Islamabad, Islamabad Capital",1 Kanal,6,6,House,2026,3,2,2,2,Yes,Yes,,,,,,,
https://www.zameen.com/Property/dha_defence_dha_defence_phase_2_1_kanal_brand_new_double_unit_house-53041866-339-1.html,islamabad,128000000,1 Kanal Brand New Double Unit House,"DHA Defence Phase 2, DHA Defence, Islamabad, Islamabad Capital",1 Kanal,7,6,House,2025,3,2,2,2,Yes,Yes,,,,,,,
https://www.zameen.com/Property/islamabad_f-8_old_house_is_for_sale_in_f-8-53612669-166-1.html,islamabad,240000000,Old House Is For SALE In F-8,"F-8, Islamabad, Islamabad Capital",1 Kanal,4,5,House,,Yes,Yes,Yes,Yes,Yes,Yes,,,,,,,
https://www.zameen.com/Property/dha_defence_dha_defence_phase_2_brand_new_architecture_kanal_mansion_at_prime_location-52379201-339-1.html,islamabad,115000000,Brand New Architecture Kanal Mansion At Prime Location,"DHA Defence Phase 2, DHA Defence, Islamabad, Islamabad Capital",1 Kanal,5,6,House,2025,3,1,2,2,Yes,Yes,,,,,,,
https://www.zameen.com/Property/top_city_1_top_city_1_-_block_d_get_in_touch_now_to_buy_a_10_marla_house_in_top_city_1_-_block_d-54226149-9233-1.html,islamabad,69500000,Get In Touch Now To Buy A 10 Marla House In Top City 1 - Block D,"Top City 1 - Block D, Top City 1, Islamabad, Islamabad Capital",10 Marla,4,4,House,,,,,,,,,,,,,,
https://www.zameen.com/Property/islamabad_e-11_for_sale_40x90_renovated_triple_storey_9_beds_e_11_2-54183372-329-1.html,islamabad,130000000,FOR SALE 40x90 Renovated Triple Storey 9 Beds E_11/2,"E-11, Islamabad, Islamabad Capital",16 Marla,9,7,House,,Yes,Yes,Yes,Yes,Yes,Yes,,,,,,,
https://www.zameen.com/Property/jinnah_gardens_jinnah_gardens_phase_1_jinnah_garden_phase_1_7_marla_house_for_sale-54052944-1421-1.html,islamabad,31500000,Jinnah Garden Phase 1 7 Marla House For Sale,"Jinnah Gardens Phase 1, Jinnah Gardens, FECHS, Islamabad, Islamabad Capital",7 Marla,4,5,House,2025,1,,,,,,,,,,,,
https://www.zameen.com/Property/islamabad_f-10_f_10_house_available_600_square_yards_with_1_kanal_extra_land_close_and_street-54120823-162-1.html,islamabad,219000000,F 10 House Available 600 Square Yards With 1 Kanal Extra Land Close And Street.,"F-10, Islamabad, Islamabad Capital",1.2 Kanal,5,6,House,2000,10,1,2,1,Yes,Yes,,,,,,,
https://www.zameen.com/Property/f_6_f-6_3_f_6_2_proper_corner_house_available_2500_square_yards_close_and_street_near_to_margla_road-54022921-3301-1.html,islamabad,1.4,F 6/2 Proper Corner House Available 2500 Square Yards Close And Street Near To Margla Road,"F-6/3, F-6, Islamabad, Islamabad Capital",5 Kanal,10,6,House,2000,15,2,2,2,Yes,Yes,,,,,,,
https://www.zameen.com/Property/islamabad_f-7_f_7_main_margla_road_house_available_2000_square_yards_100_180_with_4_kanal_extra_land-53938009-165-1.html,islamabad,1.75,F 7 Main Margla Road House Available 2000 Square Yards 100*180 With 4 Kanal Extra Land.,"F-7, Islamabad, Islamabad Capital",8 Kanal,8,6,House,2020,20,3,2,2,Yes,Yes,,,,,,,
https://www.zameen.com/Property/kuri_road_phaf_officers_residencia_deziner_house_available_for_sale_in_pha_officer_residenshia_kurii_road_islamabad-54181129-13099-1.html,islamabad,42500000,Deziner House Available For Sale In Pha Officer Residenshia Kurii Road Islamabad,"PHAF Officers Residencia, Kuri Road, Islamabad, Islamabad Capital",8 Marla,6,6,House,,,,,,,,,,,,,,
https://www.zameen.com/Property/dha_defence_phase_2_defence_residency_defence_residency_2_bedroom_apartment_804_sqyrft_for_sale-53853455-9914-1.html,islamabad,8000000,Defence Residency 2 bedroom apartment 804 sqyrft for sale,"Defence Residency, DHA Defence Phase 2, DHA Defence, Islamabad, Islamabad Capital",3.6 Marla,2,2,Flat,2025,2,1,1,2,Yes,Yes,,,,,,,
https://www.zameen.com/Property/dha_defence_phase_5_dha_phase_5_-_sector_c_top_heighted_luxurious_5_bed_house_available-54239386-8402-1.html,islamabad,160000000,Top Heighted Luxurious 5 Bed House Available,"DHA Phase 5 - Sector C, DHA Defence Phase 5, DHA Defence, Islamabad, Islamabad Capital",2.3 Kanal,5,5,House,2026,3,2,1,2,Yes,Yes,,,,,,,
https://www.zameen.com/Property/dha_defence_phase_2_dha_phase_2_-_sector_j_luxurious_5_bed_single_unit_house-54200621-8399-1.html,islamabad,75000000,Luxurious 5 Bed Single Unit House,"DHA Phase 2 - Sector J, DHA Defence Phase 2, DHA Defence, Islamabad, Islamabad Capital",10 Marla,5,5,House,2025,2,1,1,2,Yes,Yes,,,,,,,
https://www.zameen.com/Property/dha_defence_phase_5_askari_tower_4_residential_apartments_for_sale-53677369-21810-1.html,islamabad,32500000,Residential Apartments For Sale,"Askari Tower 4, DHA Defence Phase 5, DHA Defence, Islamabad, Islamabad Capital",11 Marla,3,3,Flat,2026,1,1,1,1,Yes,Yes,,,,,,,
https://www.zameen.com/Property/dha_defence_dha_defence_phase_2_1_kanal_luxury_5bed_designer_house-53721742-339-1.html,islamabad,86000000,1 Kanal Luxury 5bed Designer House,"DHA Defence Phase 2, DHA Defence, Islamabad, Islamabad Capital",1 Kanal,5,5,House,,Yes,1,1,2,Yes,Yes,,,,,,,
https://www.zameen.com/Property/dha_defence_phase_2_dha_phase_2_-_sector_f_designer_outclass_house_on_top_height_location_near_giga_mall_central_park-49354939-3201-1.html,islamabad,79500000,Designer Outclass House On Top Height Location Near Giga Mall / Central Park,"DHA Phase 2 - Sector F, DHA Defence Phase 2, DHA Defence, Islamabad, Islamabad Capital",1 Kanal,6,6,House,2023,3,1,1,2,Yes,Yes,,,,,,,
https://www.zameen.com/Property/ghauri_town_ghauri_garden_urgent_sale_reasonable_price_5_marla_double_storey_house_for_sale_ghouri_garden_lehtrar_road_islamabad_best_location_near_commercial_street_size_30_feet-53920778-10660-1.html,islamabad,16500000,Urgent Sale Reasonable Price 5 Marla Double Storey House For Sale Ghouri Garden Lehtrar Road Islamabad Best Location Near Commercial Street Size 30 Feet,"Ghauri Garden, Ghauri Town, Islamabad, Islamabad Capital",5 Marla,5,6,House,2020,1,1,1,2,Yes,Yes,,,,,,,
https://www.zameen.com/Property/islamabad_g-15_appartment_for_sale_society_appartment_of_jammu_kashmir_housing_society_g15_islamabad-54139503-764-1.html,islamabad,14800000,Appartment For Sale. Society Appartment Of Jammu & Kashmir Housing Society G15 Islamabad.,"G-15, Islamabad, Islamabad Capital",8.8 Marla,3,3,Flat,,2,1,1,Yes,Yes,Yes,,,,,,,
https://www.zameen.com/Property/dha_defence_dha_defence_phase_2_1_5_kanal_ultra_luxurious_designer_house_for_sale-53041868-339-1.html,islamabad,220000000,1.5 Kanal Ultra Luxurious Designer House For Sale,"DHA Defence Phase 2, DHA Defence, Islamabad, Islamabad Capital",1.5 Kanal,6,6,House,2025,3,2,1,2,Yes,Yes,,,,,,,
https://www.zameen.com/Property/dha_defence_dha_defence_phase_2_1_kanal_brand_new_ultra_luxurious_designer_house_for_sale_central_park_facing-54000885-339-1.html,islamabad,138000000,1 Kanal Brand New Ultra Luxurious Designer House For Sale Central park facing,"DHA Defence Phase 2, DHA Defence, Islamabad, Islamabad Capital",1 Kanal,6,6,House,2026,3,2,2,2,Yes,Yes,,,,,,,
https://www.zameen.com/Property/b_17_faisal_margalla_city_faisal_margllah_city_200sqyards_brand_new_house_for_sale-53026633-13424-1.html,islamabad,35000000,Faisal Margllah City=200Sqyards Brand New House For Sale,"Faisal Margalla City, B-17, Islamabad, Islamabad Capital",8 Marla,4,4,House,2025,2,,,,,,,,,,,,
https://www.zameen.com/Property/dha_defence_phase_2_dha_phase_2_-_sector_b_elegant_designer_house_near_to_park-54225085-3197-1.html,islamabad,145000000,Elegant Designer House Near To Park,"DHA Phase 2 - Sector B, DHA Defence Phase 2, DHA Defence, Islamabad, Islamabad Capital",1 Kanal,5,6,House,2026,3,2,1,2,Yes,Yes,,,,,,,
https://www.zameen.com/Property/dha_defence_phase_2_dha_phase_2_-_sector_a_designer_single_unit_house_available_for_sale-54239075-3196-1.html,islamabad,115000000,Designer Single Unit House Available For Sale,"DHA Phase 2 - Sector A, DHA Defence Phase 2, DHA Defence, Islamabad, Islamabad Capital",1 Kanal,5,6,House,2023,2,1,,2,Yes,Yes,,,,,,,
https://www.zameen.com/Property/dha_defence_phase_2_dha_phase_2_-_sector_a_luxurious_5_bed_single_unit_house-54239145-3196-1.html,islamabad,110000000,Luxurious 5 Bed Single Unit House,"DHA Phase 2 - Sector A, DHA Defence Phase 2, DHA Defence, Islamabad, Islamabad Capital",1 Kanal,5,5,House,2026,3,2,1,1,Yes,Yes,,,,,,,
https://www.zameen.com/Property/islamabad_gt_road_5_kanal_orchard_farm_house_for_sale-49514943-3397-1.html,islamabad,37500000,5 Kanal Orchard Farm House For Sale,"GT Road, Islamabad, Islamabad Capital",5.7 Kanal,2,2,Farm House,2022,1,1,1,2,Yes,Yes,,,,,,,
https://www.zameen.com/Property/gulberg_gulberg_greens_gulberg_green_luxury_farmhouse_for_sale-53397837-8312-1.html,islamabad,850000000,GULBERG GREEN LUXURY FARMHOUSE FOR SALE,"Gulberg Greens, Gulberg, Islamabad, Islamabad Capital",10 Kanal,11,7,Farm House,2025,20,2,1,2,Yes,Yes,,,,,,,
https://www.zameen.com/Property/dha_defence_dha_defence_phase_2_brand_new_1_kanal_modern_contemporary_luxury_house_for_sale_dha_2-54250135-339-1.html,islamabad,105000000,Brand New 1 Kanal Modern Contemporary Luxury House For Sale DHA 2,"DHA Defence Phase 2, DHA Defence, Islamabad, Islamabad Capital",1 Kanal,5,6,House,2026,3,1,2,2,Yes,Yes,,,,,,,
https://www.zameen.com/Property/top_city_1_top_city_1_-_block_b_20_marla_brand_new_house_for_sale_in_topcity-1_islamabad-53751527-9230-1.html,islamabad,85000000,20 Marla Brand New House For Sale In Topcity-1 Islamabad,"Top City 1 - Block B, Top City 1, Islamabad, Islamabad Capital",1 Kanal,8,7,House,,Yes,1,1,2,Yes,Yes,,,,,,,
https://www.zameen.com/Property/dha_defence_dha_defence_phase_2_dha_2_one_kanal_brand_new_corner_house_on_main_boulevard_with_swimming_pool-53966465-339-1.html,islamabad,149000000,Dha 2 One Kanal Brand New CORNER House On MAIN BOULEVARD With SWIMMING POOL,"DHA Defence Phase 2, DHA Defence, Islamabad, Islamabad Capital",1 Kanal,5,6,House,2026,3,2,2,2,Yes,Yes,,,,,,,
https://www.zameen.com/Property/dha_defence_dha_defence_phase_2_1_kanal_modern_luxury_house_for_sale_in_dha_phase_2_islamabad-54104923-339-1.html,islamabad,138000000,1 Kanal Modern Luxury House For Sale In DHA Phase 2 Islamabad,"DHA Defence Phase 2, DHA Defence, Islamabad, Islamabad Capital",1 Kanal,5,6,House,2026,2,2,2,2,Yes,Yes,,,,,,,
https://www.zameen.com/Property/bahria_enclave_bahria_enclave_-_sector_j_luxurious_8_marla_triple-sided_open_home_with_huge_lawn_1_5_kanal_in_bahria_enclave_sector_j_-_pkr_4_25_crore-54204276-11981-1.html,islamabad,42500000,"Luxurious 8 Marla Triple-Sided Open Home with Huge Lawn 1.5 Kanal in Bahria Enclave, Sector J - PKR 4.25 Crore","Bahria Enclave - Sector J, Bahria Enclave, Bahria Town, Islamabad, Islamabad Capital",8 Marla,5,7,House,2026,Yes,1,2,2,Yes,Yes,,,,,,,
https://www.zameen.com/Property/dha_defence_phase_2_defence_residency_elcielo_block_a_3_bed_apartment_for_sale-54158830-9914-1.html,islamabad,16000000,Elcielo Block A 3 Bed Apartment For Sale,"Defence Residency, DHA Defence Phase 2, DHA Defence, Islamabad, Islamabad Capital",6.3 Marla,3,3,Flat,2026,Yes,Yes,Yes,Yes,,Yes,,,,,,,
https://www.zameen.com/Property/dha_defence_phase_2_lignum_tower_legnum_tower_2_bed_furnished_apartment_7th_floor_for_sale-54219488-9913-1.html,islamabad,17500000,Legnum Tower 2 Bed Furnished Apartment 7th Floor For Sale,"Lignum Tower, DHA Defence Phase 2, DHA Defence, Islamabad, Islamabad Capital",6.3 Marla,2,2,Flat,,,,,Yes,,,,,,,,,
https://www.zameen.com/Property/islamabad_i-10_i-10_2_25x60_brand_new_house_for_sale_out_class_construction-53607151-173-1.html,islamabad,52500000,I-10/2 25x60 Brand New House For Sale Out Class Construction,"I-10, Islamabad, Islamabad Capital",6.7 Marla,5,6,House,2025,,,,1,Yes,Yes,,,,,,,
https://www.zameen.com/Property/gulberg_residencia_gulberg_residencia_-_block_i_brand_new_7_marla_luxury_double_story_house_for_sale_in_gulberg_residencia-54164037-9119-1.html,islamabad,44000000,_Brand New 7 Marla Luxury Double Story House for Sale in Gulberg Residencia,"Gulberg Residencia - Block I, Gulberg Residencia, Gulberg, Islamabad, Islamabad Capital",7 Marla,5,5,House,,2,1,1,2,Yes,Yes,,,,,,,
https://www.zameen.com/Property/mpchs_multi_gardens_mpchs_-_block_c1_5_marla_house_for_sale_available_in_b-17-54152881-12607-1.html,islamabad,23200000,5 Marla House For Sale Available In B-17,"MPCHS - Block C1, MPCHS - Multi Gardens, B-17, Islamabad, Islamabad Capital",5 Marla,4,4,House,2020,1,1,1,1,Yes,Yes,,,,,,,
https://www.zameen.com/Property/mpchs_multi_gardens_mpchs_-_block_f_beautiful_5_marla_single_unit_house_for_sale_available_in_f_block_mpchs_b-17_islamabad-53711145-8527-1.html,islamabad,19500000,Beautiful 5 Marla Single Unit House For Sale Available In F Block Mpchs B-17 Islamabad,"MPCHS - Block F, MPCHS - Multi Gardens, B-17, Islamabad, Islamabad Capital",5 Marla,3,4,House,2024,2,1,3,2,Yes,Yes,,,,,,,
https://www.zameen.com/Property/b_17_mpchs_-_multi_gardens_5_marla_25x50_designer_double_heighted_hybrid_unit_house_for_sale_in_mpchs_multi_garden_b-17_islamabad-53983463-3115-1.html,islamabad,25000000,5 Marla (25x50) Designer Double Heighted Hybrid Unit House For Sale In MPCHS Multi Garden B-17 Islamabad,"MPCHS - Multi Gardens, B-17, Islamabad, Islamabad Capital",5 Marla,4,6,House,2026,1,1,1,2,Yes,Yes,,,,,,,
https://www.zameen.com/Property/islamabad_g-15_beautiful_designer_14_marla_40_80_house_for_sale_in_g-15_islamabad-53974259-764-1.html,islamabad,51000000,Beautiful Designer 14 Marla ( 40*80 ) House For Sale in G-15 Islamabad.,"G-15, Islamabad, Islamabad Capital",14 Marla,7,6,House,2024,4,1,2,2,Yes,Yes,,,,,,,
https://www.zameen.com/Property/dha_defence_phase_3_dha_phase_3_-_block_b_looking_for_a_corner_house_in_dha_phase_3_-_block_b_islamabad-54112153-16227-1.html,islamabad,88000000,Looking For A Corner House In DHA Phase 3 - Block B Islamabad,"DHA Phase 3 - Block B, DHA Defence Phase 3, DHA Defence, Islamabad, Islamabad Capital",1 Kanal,5,5,House,,,,,1,Yes,Yes,,,,,,,
https://www.zameen.com/Property/islamabad_multi_residencia_orchards_5_marla_house_in_multi_ochrard_residence_islamabad-53847163-8332-1.html,islamabad,14500000,5 Marla House In Multi Ochrard Residence Islamabad,"Multi Residencia & Orchards, Islamabad, Islamabad Capital",5 Marla,3,3,House,,,,,,,,,,,,,,
https://www.zameen.com/Property/f_11_f-11_markaz_2_bedroom_fully_renovated_apartment_available_for_sale-51122897-3286-1.html,islamabad,31000000,2 Bedroom Fully Renovated Apartment Available For Sale,"F-11 Markaz, F-11, Islamabad, Islamabad Capital",7.8 Marla,2,2,Flat,2010,1,,Yes,1,Yes,Yes,,,,,,,
https://www.zameen.com/Property/f_11_f-11_markaz_f-11_markaz_2_bedroom_apartment_available_for_sale-54227802-3286-1.html,islamabad,28000000,F-11 Markaz 2 Bedroom Apartment Available For Sale,"F-11 Markaz, F-11, Islamabad, Islamabad Capital",7.8 Marla,2,2,Flat,2011,1,,,1,,,,,,,,,
https://www.zameen.com/Property/gulberg_gulberg_greens_gulberg_heights_studio_apartment_for_sale-53198280-8312-1.html,islamabad,6700000,Gulberg Heights Studio Apartment For Sale,"Gulberg Greens, Gulberg, Islamabad, Islamabad Capital",2.9 Marla,,1,Flat,2025,3,1,1,Yes,Yes,Yes,,,,,,,
https://www.zameen.com/Property/b_17_mpchs_-_multi_gardens_8_marla_30x60_corner_double_unit_house_for_sale_in_block_e_mpchs_multi_garden_b17_islamabad-53810924-3115-1.html,islamabad,38000000,8 Marla (30x60) Corner Double Unit House For Sale In Block E MPCHS Multi Garden B17 Islamabad,"MPCHS - Multi Gardens, B-17, Islamabad, Islamabad Capital",8 Marla,5,6,House,2025,2,1,1,2,Yes,Yes,,,,,,,
https://www.zameen.com/Property/mpchs_multi_gardens_mpchs_-_block_e_8_marla_30x60_designer_double_house_for_sale_in_block_e_mpchs_multi_garden_b17_islamabad-53718349-3120-1.html,islamabad,41500000,8 Marla (30x60) Designer Double House For Sale in Block E Mpchs multi Garden B17 Islamabad,"MPCHS - Block E, MPCHS - Multi Gardens, B-17, Islamabad, Islamabad Capital",8 Marla,5,6,House,2025,2,1,1,2,Yes,Yes,,,,,,,
https://www.zameen.com/Property/b_17_mpchs_-_multi_gardens_8_marla_ultra_luxury_corner_double_highted_designer_house_for_sale_in_block_e_mpchs_multi_garden_b17_islamabad-54254035-3115-1.html,islamabad,44000000,8 Marla Ultra Luxury Corner Double highted Designer House For Sale in Block E mpchs Multi Garden B17 Islamabad,"MPCHS - Multi Gardens, B-17, Islamabad, Islamabad Capital",8 Marla,4,6,House,2026,2,1,Yes,2,Yes,Yes,,,,,,,
https://www.zameen.com/Property/bahria_enclave_bahria_enclave_-_sector_h_brand-new_5-marla_house_for_sale_in_sector_h_bahria_enclave_islamabad-53685921-11983-1.html,islamabad,26000000,"Brand-New 5-Marla House For Sale In Sector H, Bahria Enclave, Islamabad","Bahria Enclave - Sector H, Bahria Enclave, Bahria Town, Islamabad, Islamabad Capital",5 Marla,3,3,House,2025,Yes,,,,,,,,,,,,
https://www.zameen.com/Property/f_11_f-11_1_beautifully_constructed_house_is_available_for_sale_in_f-11_1-49156747-3282-1.html,islamabad,250000000,Beautifully Constructed House Is Available For Sale In F-11/1,"F-11/1, F-11, Islamabad, Islamabad Capital",1.3 Kanal,8,7,House,2024,Yes,2,1,2,Yes,Yes,,,,,,,
https://www.zameen.com/Property/f_10_silver_oaks_apartments_silver_oaks_apartments_flat_for_sale_sized_1750_square_feet-51920360-11308-1.html,islamabad,60000000,Silver Oaks Apartments Flat For sale Sized 1750 Square Feet,"Silver Oaks Apartments, F-10, Islamabad, Islamabad Capital",7.8 Marla,3,3,Flat,2022,10,Yes,Yes,Yes,Yes,Yes,,,,,,,
https://www.zameen.com/Property/d_12_d-12_1_4_marla_brand_new_house_for_sale-53870788-3154-1.html,islamabad,47000000,4 Marla Brand New House for Sale,"D-12/1, D-12, Islamabad, Islamabad Capital",4 Marla,4,5,House,2025,1,1,1,1,Yes,Yes,,,,,,,
https://www.zameen.com/Property/dha_defence_dha_defence_phase_2_20_marla_corner_double_unit_house_for_sale_in_dha_phase_2_in_investor_price_dha_phase_2_islamabad-54249584-339-1.html,islamabad,77000000,"20 MARLA CORNER DOUBLE UNIT HOUSE FOR SALE IN DHA PHASE 2 IN INVESTOR PRICE DHA PHASE 2, ISLAMABAD","DHA Defence Phase 2, DHA Defence, Islamabad, Islamabad Capital",1 Kanal,8,6,House,2016,8,3,4,3,Yes,Yes,,,,,,,
https://www.zameen.com/Property/bahria_enclave_bahria_enclave_-_sector_n_sector_n_5_marla_brand_new_corner_house_with_2_marla_extraland_excellent_construction_quality_sun_facing_house_available_for_sale-54185105-11975-1.html,islamabad,32000000,Sector N 5 Marla Brand New Corner House With 2 Marla Extraland Excellent Construction Quality Sun facing House Available for Sale,"Bahria Enclave - Sector N, Bahria Enclave, Bahria Town, Islamabad, Islamabad Capital",7 Marla,4,6,House,2024,1,1,1,2,Yes,Yes,,,,,,,
https://www.zameen.com/Property/islamabad_top_city_1_corner_10_marla_semi_furnished_house_for_sale-54225061-1383-1.html,islamabad,63500000,Corner 10 Marla Semi Furnished House For Sale,"Top City 1, Islamabad, Islamabad Capital",10 Marla,6,6,House,2026,2,1,1,2,Yes,Yes,,,,,,,
https://www.zameen.com/Property/islamabad_f-7_50x90_prime_location_old_house_is_available_for_sale-54000891-165-1.html,islamabad,295000000,50X90 Prime Location Old House Is Available For Sale,"F-7, Islamabad, Islamabad Capital",1 Kanal,4,5,House,,Yes,Yes,,Yes,Yes,Yes,,,,,,,
https://www.zameen.com/Property/islamabad_f-7_offer_offer_6_months_time_modern_brand-new_house_is_for_sale-53604121-165-1.html,islamabad,580000000,Offer Offer! 6 Months Time Modern Brand-New House Is For SALE,"F-7, Islamabad, Islamabad Capital",1.3 Kanal,6,7,House,,Yes,2,Yes,3,Yes,Yes,,,,,,,
https://www.zameen.com/Property/islamabad_bani_gala_brand_new_1_5_storey_house_for_sale_in_bani_gala-53774818-340-1.html,islamabad,14000000,Brand New 1.5 Storey House For Sale In Bani Gala,"Bani Gala, Islamabad, Islamabad Capital",5 Marla,3,4,House,2026,1,,,2,Yes,,,,,,,,
https://www.zameen.com/Property/dha_phase_1_sector_f_dha_phase_1_-_defence_villas_dha_phase_1_sector_f_defence_villa_for_sale-52093852-3075-1.html,islamabad,38500000,DHA Phase 1 Sector F Defence Villa' For Sale,"DHA Phase 1 - Defence Villas, DHA Phase 1 - Sector F, DHA Defence Phase 1, DHA Defence, Islamabad, Islamabad Capital",11 Marla,3,4,House,2007,4,2,2,2,Yes,Yes,,,,,,,
https://www.zameen.com/Property/islamabad_e-11_prime_location_fully_furnished_flat_for_sale_owner_shifting_abroad_reasionable_price--54115150-329-1.html,islamabad,17000000,Prime location fully furnished flat for sale owner shifting abroad reasionable price-,"E-11, Islamabad, Islamabad Capital",4.9 Marla,2,2,Flat,2021,1,,,,,,,,,,,,
https://www.zameen.com/Property/islamabad_f-7_prime_location_house_1066sqyds_size_80x120_cda_transfer_two_owners--54150880-165-1.html,islamabad,520000000,Prime Location House 1066sqyds Size 80x120= CDA Transfer Two Owners-,"F-7, Islamabad, Islamabad Capital",2.1 Kanal,8,7,House,2010,6,2,2,2,Yes,Yes,,,,,,,
https://www.zameen.com/Property/islamabad_f-8_prime_location_on_marrgalla_road_1000sqyds_in_coming_rent_5000_only_serious_buyers--54169872-166-1.html,islamabad,700000000,Prime Location On Marrgalla Road 1000sqyds In Coming Rent $5000 Only Serious Buyers-,"F-8, Islamabad, Islamabad Capital",2 Kanal,5,5,House,2021,6,,,,,,,,,,,,
https://www.zameen.com/Property/b_17_mpchs_-_multi_gardens_5_marla_25x50_brand_new_double_unit_house_for_sale_in_block_c1_mpchs_multi_garden_b-17_islamabad-54111272-3115-1.html,islamabad,27900000,5 Marla (25x50) Brand New Double Unit House For Sale In Block C1 Mpchs Multi Garden B-17 Islamabad,"MPCHS - Multi Gardens, B-17, Islamabad, Islamabad Capital",5 Marla,4,6,House,2025,1,1,1,2,Yes,Yes,,,,,,,
https://www.zameen.com/Property/dha_defence_dha_defence_phase_2_top_of_the_line_brand_new_triple_storey_house_1_kanal_dha_phase_2_islamabad-54240717-339-1.html,islamabad,175000000,Top of the Line Brand New Triple Storey House 1 Kanal | DHA Phase 2 Islamabad,"DHA Defence Phase 2, DHA Defence, Islamabad, Islamabad Capital",1 Kanal,7,6,House,2026,3,2,2,2,Yes,Yes,,,,,,,
https://www.zameen.com/Property/islamabad_faisal_hills_faisal_hills_house_sized_5_marla-54242185-10859-1.html,islamabad,24000000,Faisal Hills House Sized 5 Marla,"Faisal Hills, Islamabad, Islamabad Capital",5 Marla,,,House,,,,,,,,,,,,,,
https://www.zameen.com/Property/blue_area_elysium_mall_luxury_furnished_apartment_for_sale_in_elysium_tower_opposite_centaurus_high_rental_income-54238223-10739-1.html,islamabad,96000000,Luxury Furnished Apartment For Sale In Elysium Tower | Opposite Centaurus | High Rental Income,"Elysium Mall, Blue Area, Islamabad, Islamabad Capital",7.1 Marla,2,2,Flat,2020,2,2,1,1,Yes,Yes,,,,,,,
https://www.zameen.com/Property/dha_defence_phase_2_defence_residency_1_bed_room_flat_for_sale_in_defence_residency_dha_2_islamabad-53668712-9914-1.html,islamabad,6500000,1 Bed Room Flat For Sale In Defence Residency Dha 2 Islamabad,"Defence Residency, DHA Defence Phase 2, DHA Defence, Islamabad, Islamabad Capital",2.7 Marla,1,1,Flat,2024,Yes,1,1,1,Yes,Yes,,,,,,,
https://www.zameen.com/Property/gt_road_el_cielo_2_bed_for_sale_in_e_l_ceilo_tower_a-54223016-10358-1.html,islamabad,11000000,2 Bed For Sale In E L Ceilo Tower A,"El Cielo, GT Road, Islamabad, Islamabad Capital",4.2 Marla,2,2,Flat,2023,2,1,1,1,Yes,Yes,,,,,,,
https://www.zameen.com/Property/dha_defence_phase_2_goldcrest_highlife_2bed_for_sale_in_gold_crest_highlife_3_al_guhrair_giga_dha2_islamabad-54245650-21059-1.html,islamabad,8000000,2bed For Sale In Gold Crest Highlife 3 Al Guhrair Giga Dha2 Islamabad,"Goldcrest Highlife, DHA Defence Phase 2, DHA Defence, Islamabad, Islamabad Capital",3.9 Marla,2,2,Flat,2027,2,1,1,1,Yes,Yes,,,,,,,
https://www.zameen.com/Property/d_12_d-12_4_14_marla_corner_house_for_sale-53145900-3157-1.html,islamabad,160000000,14 Marla Corner House For Sale,"D-12/4, D-12, Islamabad, Islamabad Capital",14 Marla,5,5,House,2022,2,1,1,1,Yes,Yes,,,,,,,
https://www.zameen.com/Property/d_12_d-12_1_on_excellent_location_10_marla_house_in_stunning_d-12_1_is_available_for_sale-51821715-3154-1.html,islamabad,120000000,On Excellent Location 10 Marla House In Stunning D-12/1 Is Available For sale,"D-12/1, D-12, Islamabad, Islamabad Capital",10 Marla,7,6,House,2020,2,1,1,3,Yes,Yes,,,,,,,
https://www.zameen.com/Property/dha_defence_dha_defence_phase_2_1_kanal_aesthetically_designed_house_for_sale_in_dha-2_islamabad-52911324-339-1.html,islamabad,122500000,1 Kanal Aesthetically Designed House For Sale In DHA-2 Islamabad,"DHA Defence Phase 2, DHA Defence, Islamabad, Islamabad Capital",1 Kanal,5,6,House,2025,3,2,2,2,Yes,Yes,,,,,,,
https://www.zameen.com/Property/gulberg_gulberg_greens_gulberg_icon2_2bed_fully_furnished_rented_apartment_for_sale-54081738-8312-1.html,islamabad,11900000,Gulberg Icon2 2bed Fully Furnished Rented Apartment For Sale,"Gulberg Greens, Gulberg, Islamabad, Islamabad Capital",3.5 Marla,2,2,Flat,2022,Yes,,1,Yes,Yes,Yes,,,,,,,
https://www.zameen.com/Property/islamabad_pwd_housing_scheme_house_for_sale_in_national_police_foundation_10_marla_block_c_prime_location_a_beautiful_and_well-maintained_house_is_available_for_sale_in_pwd_block_c_with_all_basic_facilities_ideal_for_families_looking_for_a_peaceful_and_secure_environment-54104619-424-1.html,islamabad,35000000,House For Sale In National police foundation 10 Marla Block C (Prime Location) A Beautiful And Well-Maintained House Is Available For Sale In PWD Block C With All Basic Facilities. Ideal For Families Looking For A Peaceful And Secure Environment.,"PWD Housing Scheme, Islamabad, Islamabad Capital",10 Marla,6,6,House,2012,3,,1,2,Yes,Yes,,,,,,,
https://www.zameen.com/Property/gulberg_gulberg_greens_gulberg_greens_gulberg_icon_2_1_bed_apartment_available_for_sale-54109164-8312-1.html,islamabad,7800000,Gulberg Greens Gulberg Icon 2 1 Bed Apartment Available For Sale,"Gulberg Greens, Gulberg, Islamabad, Islamabad Capital",2.3 Marla,1,1,Flat,2024,Yes,,,1,Yes,,,,,,,,
https://www.zameen.com/Property/islamabad_korang_town_korang_town_islamabad_korang_square_brand_new_1-bedroom_apartment_available_for_sale_kamyab_investment_ka_sunehra_mauqa-54115852-445-1.html,islamabad,4000000,"Korang Town, Islamabad! Korang Square Brand New 1-Bedroom Apartment available for sale Kamyab investment ka sunehra mauqa!","Korang Town, Islamabad, Islamabad Capital",1.5 Marla,1,1,Flat,2026,Yes,,,Yes,Yes,,,,,,,,
https://www.zameen.com/Property/islamabad_islamabad_expressway_6_marla_triple_story_house_for_sale_ovaisco_villas_near_gulberg_greens_islamabad-54110400-9014-1.html,islamabad,22500000,"6 Marla Triple Story House for Sale Ovaisco Villas (Near Gulberg Greens, Islamabad","Islamabad Expressway, Islamabad, Islamabad Capital",6 Marla,4,4,House,2021,1,1,1,2,Yes,Yes,,,,,,,
https://www.zameen.com/Property/islamabad_f-6_elegant_house_is_for_sale_in_f-6-53318282-164-1.html,islamabad,385000000,Elegant House Is For Sale In F-6,"F-6, Islamabad, Islamabad Capital",17.8 Marla,7,7,House,2025,Yes,Yes,2,Yes,Yes,Yes,,,,,,,
https://www.zameen.com/Property/g_13_g-13_1_the_most_elegant_designer_4080_house_of_g13_with_solar_on_70ft_road-53949517-3337-1.html,islamabad,129900000,THE MOST ELEGANT DESIGNER 4080 HOUSE OF G13 WITH SOLAR ON 70ft ROAD,"G-13/1, G-13, Islamabad, Islamabad Capital",14.2 Marla,7,7,House,,,,,,,,,,,,,,
https://www.zameen.com/Property/dha_defence_dha_defence_phase_2_1_kanal_luxury_house_for_sale_in_dha_phase_2_islamabad-53583485-339-1.html,islamabad,140000000,"1 Kanal Luxury House For Sale In DHA Phase 2, Islamabad","DHA Defence Phase 2, DHA Defence, Islamabad, Islamabad Capital",1 Kanal,5,6,House,2019,Yes,2,1,3,Yes,Yes,,,,,,,
https://www.zameen.com/Property/islamabad_f-7_luxurious_7-bedroom_house_for_sale_on_prime_location-49610450-165-1.html,islamabad,450000000,Luxurious 7-Bedroom House For Sale On Prime Location,"F-7, Islamabad, Islamabad Capital",2.5 Kanal,7,6,House,2023,4,2,1,2,Yes,Yes,,,,,,,
https://www.zameen.com/Property/islamabad_f-7_luxurious_6_bedroom_house_for_sale_in_prime_location-49981663-165-1.html,islamabad,460000000,Luxurious 6 Bedroom House For Sale In Prime Location,"F-7, Islamabad, Islamabad Capital",2 Kanal,6,6,House,,4,1,1,2,Yes,Yes,,,,,,,
https://www.zameen.com/Property/islamabad_top_city_1_10_marla_designer_made_proper_corner_sunface_house_available_for_sale_in_topcity-1_islamabad-54232097-1383-1.html,islamabad,69500000,10 Marla Designer Made / Proper Corner / Sunface House Available For Sale In Topcity-1 Islamabad.,"Top City 1, Islamabad, Islamabad Capital",10 Marla,5,6,House,2026,Yes,,,,,,,,,,,,
https://www.zameen.com/Property/national_police_foundation_o_9_national_police_foundation_o-9_-_block_c_5_marla_house_situated_in_national_police_foundation_o-9_-_block_c_for_sale-54236477-16427-1.html,islamabad,18000000,5 Marla House Situated In National Police Foundation O-9 - Block C For Sale,"National Police Foundation O-9 - Block C, National Police Foundation O-9, Islamabad, Islamabad Capital",5 Marla,4,,House,,,,,,,,,,,,,,
https://www.zameen.com/Property/islamabad_e-17_5_marla_brand_new_double_storey_house_available_for_sale-54193778-1409-1.html,islamabad,13000000,5 Marla Brand New Double Storey House Available For Sale,"E-17, Islamabad, Islamabad Capital",5 Marla,4,5,House,2026,Yes,,,2,Yes,Yes,,,,,,,
https://www.zameen.com/Property/i_16_i-16_3_pha_i_16_3_taypb_luxury_apartment_ground_floor_for_sale-54251333-3437-1.html,islamabad,13500000,PHA I. 16/3 TaypB LUXURY APARTMENT GROUND FLOOR FOR SALE,"I-16/3, I-16, Islamabad, Islamabad Capital",6.7 Marla,4,4,Flat,2025,,1,1,Yes,Yes,Yes,,,,,,,
https://www.zameen.com/Property/gulshan_e_sehat_2_gulshan-e-sehat_2_-_block_f_8_marla_30_60_in_block_f_single_story_brand_new_house_available_for_sale_in_gulshan_e_sehat_e-18_islamabad-54133023-3268-1.html,islamabad,16500000,8 Marla ( 30*60 In Block F ) Single Story. Brand New House Available For Sale. In Gulshan E Sehat E-18 Islamabad.,"Gulshan-e-Sehat 2 - Block F, Gulshan-e-Sehat 2, E-18, Islamabad, Islamabad Capital",8 Marla,2,3,House,,,,,2,Yes,Yes,,,,,,,
https://www.zameen.com/Property/dha_defence_dha_defence_phase_2_dha2_1_5_kanal_owner_built_full_furnished_house-54060075-339-1.html,islamabad,220000000,Dha2 1.5 kanal Owner built FULL FURNISHED HOUSE,"DHA Defence Phase 2, DHA Defence, Islamabad, Islamabad Capital",2 Kanal,7,6,House,2023,3,2,2,2,Yes,Yes,,,,,,,
https://www.zameen.com/Property/dha_defence_dha_defence_phase_2_dha2_one_kanal_designer_house_for_sale-54037324-339-1.html,islamabad,138000000,Dha2 One Kanal Designer House For Sale,"DHA Defence Phase 2, DHA Defence, Islamabad, Islamabad Capital",1 Kanal,5,6,House,2026,3,2,2,2,Yes,Yes,,,,,,,
https://www.zameen.com/Property/dha_defence_phase_2_defence_residency_3_bed_for_sale_in_overseas_block_defence_residency_al_guhria_giga_dha2_islamabad-54246026-9914-1.html,islamabad,16000000,3 Bed For Sale In Overseas Block Defence Residency Al Guhria Giga Dha2 Islamabad,"Defence Residency, DHA Defence Phase 2, DHA Defence, Islamabad, Islamabad Capital",5.1 Marla,3,3,Flat,2024,1,,,1,,,,,,,,,
https://www.zameen.com/Property/islamabad_g-11_4_marla_brand_new_luxury_double_storey_house_for_sale_in_sector_g-11_islamabad-53911697-168-1.html,islamabad,46000000,"4 Marla Brand New Luxury Double Storey House For Sale In ( Sector G-11 ) , Islamabad","G-11, Islamabad, Islamabad Capital",4 Marla,3,4,House,2026,Yes,Yes,Yes,2,Yes,Yes,,,,,,,
https://www.zameen.com/Property/islamabad_g-11_2_bed_luxury_apartment_is_available_for_sale_in_the_arch_residence_sector_g-11-53856151-168-1.html,islamabad,29800000,"2 Bed Luxury Apartment Is Available For Sale In The Arch Residence , Sector G-11","G-11, Islamabad, Islamabad Capital",7.3 Marla,2,2,Flat,,Yes,Yes,Yes,Yes,Yes,Yes,,,,,,,
https://www.zameen.com/Property/f_11_f-11_2_f-11_2_brand_new_9-bedroom_fully-furnished_house_-_new_666_yards_full_basement_price_30_crores-52809449-3283-1.html,islamabad,300000000,"F-11/2: Brand New 9-Bedroom Fully-Furnished House - New 666 Yards, Full Basement, Price 30 Crores","F-11/2, F-11, Islamabad, Islamabad Capital",1.3 Kanal,9,7,House,,Yes,Yes,Yes,Yes,Yes,Yes,,,,,,,
https://www.zameen.com/Property/islamabad_f-11_f-11_2_brand_new_luxury_666-yard_fully-furnished_house_-_9_beds_full_basement_price_30_crores-52809414-163-1.html,islamabad,300000000,"F-11/2 Brand New Luxury 666-Yard Fully-Furnished House - 9 Beds, Full Basement, Price 30 Crores","F-11, Islamabad, Islamabad Capital",1.3 Kanal,9,7,House,,Yes,Yes,Yes,Yes,Yes,Yes,,,,,,,
https://www.zameen.com/Property/dha_defence_dha_defence_phase_2_1_kanal_luxury_house_for_sale_in_dha_2_islamabad-54113711-339-1.html,islamabad,140000000,1 Kanal Luxury House For Sale In Dha 2 Islamabad,"DHA Defence Phase 2, DHA Defence, Islamabad, Islamabad Capital",1 Kanal,6,7,House,2026,2,2,1,2,Yes,Yes,,,,,,,
https://www.zameen.com/Property/dha_defence_dha_defence_phase_2_2_kanal_brand_new_designer_house_for_sale_with_swimming_pool-54196826-339-1.html,islamabad,320000000,2 KANAL BRAND NEW DESIGNER HOUSE FOR SALE WITH SWIMMING POOL.,"DHA Defence Phase 2, DHA Defence, Islamabad, Islamabad Capital",2 Kanal,8,6,House,2026,3,1,2,2,Yes,Yes,,,,,,,
https://www.zameen.com/Property/dha_defence_dha_defence_phase_2_2_kanal_aesthetically_designed_house_for_sale_in_dha_islamabad-54253974-339-1.html,islamabad,190000000,2 kanal aesthetically designed house for sale in DHA Islamabad,"DHA Defence Phase 2, DHA Defence, Islamabad, Islamabad Capital",2 Kanal,7,6,House,2026,4,3,2,2,Yes,Yes,,,,,,,
https://www.zameen.com/Property/dha_defence_dha_defence_phase_2_new_designer_house_on_prime_location-49270104-339-1.html,islamabad,129000000,New Designer House On Prime Location,"DHA Defence Phase 2, DHA Defence, Islamabad, Islamabad Capital",1 Kanal,5,6,House,2023,3,2,Yes,2,Yes,Yes,,,,,,,
https://www.zameen.com/Property/dha_defence_dha_defence_phase_2_luxurious_1_kanal_brand_new_designer_house_for_sale-49319497-339-1.html,islamabad,115000000,Luxurious 1 Kanal Brand New Designer House For Sale,"DHA Defence Phase 2, DHA Defence, Islamabad, Islamabad Capital",1 Kanal,6,6,House,,3,2,2,2,Yes,Yes,,,,,,,
https://www.zameen.com/Property/dha_defence_dha_defence_phase_2_new_2_kanal_furnished_house_in_dha-49332573-339-1.html,islamabad,220000000,New 2 Kanal Furnished House In DHA,"DHA Defence Phase 2, DHA Defence, Islamabad, Islamabad Capital",2 Kanal,6,6,House,2024,5,2,Yes,2,Yes,Yes,,,,,,,
https://www.zameen.com/Property/dha_defence_dha_defence_phase_2_beautiful_designer_1_kanal_house_for_sale-49611475-339-1.html,islamabad,129000000,Beautiful Designer 1 Kanal House For Sale,"DHA Defence Phase 2, DHA Defence, Islamabad, Islamabad Capital",1 Kanal,5,6,House,2022,1,,,2,Yes,Yes,,,,,,,
https://www.zameen.com/Property/dha_defence_dha_defence_phase_2_1_kanal_fully_furnished_spanish_style_corner_house_for_sale_in_dha_2_islamabad-53818994-339-1.html,islamabad,105000000,1 Kanal Fully Furnished Spanish Style Corner House For Sale In DHA 2 Islamabad,"DHA Defence Phase 2, DHA Defence, Islamabad, Islamabad Capital",1 Kanal,6,7,House,2025,6,2,1,2,Yes,Yes,,,,,,,
https://www.zameen.com/Property/islamabad_f-7_brand_new_house_available_for_sale_in_f7-52498240-165-1.html,islamabad,480000000,Brand New House Available For Sale In F7,"F-7, Islamabad, Islamabad Capital",1.3 Kanal,6,6,House,2025,5,2,2,3,Yes,Yes,,,,,,,
https://www.zameen.com/Property/f_7_f-7_3_investor_price_house_available_for_sale_f7-52573056-3309-1.html,islamabad,800000000,Investor Price House Available For Sale F7,"F-7/3, F-7, Islamabad, Islamabad Capital",4 Kanal,10,,House,2025,1,1,,1,Yes,Yes,,,,,,,
https://www.zameen.com/Property/islamabad_f-8_brand_new_house_available_for_sale-53153128-166-1.html,islamabad,400000000,Brand New House Available For Sale,"F-8, Islamabad, Islamabad Capital",1 Kanal,9,,House,2025,5,2,2,2,Yes,Yes,,,,,,,
https://www.zameen.com/Property/islamabad_f-8_demolishable_house_available_for_sale-50149107-166-1.html,islamabad,220000000,Demolishable House Available For Sale,"F-8, Islamabad, Islamabad Capital",1 Kanal,5,5,House,2024,1,1,1,1,Yes,Yes,,,,,,,
https://www.zameen.com/Property/islamabad_f-8_magnificent_10-bed_residence_in_prime_f-8_location_-_cda_transfer-49706464-166-1.html,islamabad,300000000,Magnificent 10-Bed Residence In Prime F-8 Location - CDA Transfer,"F-8, Islamabad, Islamabad Capital",2 Kanal,10,,House,2024,5,2,1,3,Yes,Yes,,,,,,,
https://www.zameen.com/Property/islamabad_bani_gala_5_marla_most_beautiful_house_for_sale-54246913-340-1.html,islamabad,14800000,5 Marla Most Beautiful House For Sale,"Bani Gala, Islamabad, Islamabad Capital",5 Marla,3,4,House,,1,,1,1,Yes,Yes,,,,,,,
https://www.zameen.com/Property/g_14_g-14_4_on_excellent_location-54015945-3346-1.html,islamabad,53000000,On Excellent Location,"G-14/4, G-14, Islamabad, Islamabad Capital",5 Marla,5,6,House,2026,1,,,2,Yes,Yes,,,,,,,
https://www.zameen.com/Property/dha_defence_phase_3_dha_phase_3_-_block_b_beautiful_location_ideal_house_near_masjid_park_and_school-54141558-16227-1.html,islamabad,105000000,Beautiful Location Ideal House Near Masjid Park And School,"DHA Phase 3 - Block B, DHA Defence Phase 3, DHA Defence, Islamabad, Islamabad Capital",1 Kanal,6,7,House,2020,3,1,1,1,Yes,Yes,,,,,,,
https://www.zameen.com/Property/islamabad_e-11_e-11_two_bedroom_apartment_for_sale-52564959-329-1.html,islamabad,15500000,E-11 Two Bedroom Apartment For Sale,"E-11, Islamabad, Islamabad Capital",5.6 Marla,2,2,Flat,,1,1,1,1,Yes,Yes,,,,,,,
https://www.zameen.com/Property/dha_defence_dha_defence_phase_2_elegant_design_brand_new_1_kanal_house_with_swimming_pool-54127799-339-1.html,islamabad,127500000,Elegant Design Brand New 1 Kanal House With Swimming Pool,"DHA Defence Phase 2, DHA Defence, Islamabad, Islamabad Capital",1 Kanal,5,6,House,2026,3,1,1,1,Yes,Yes,,,,,,,
https://www.zameen.com/Property/dha_defence_dha_defence_phase_2_house_of_20_marla_available_for_sale_in_dha_defence_phase_2-49186282-339-1.html,islamabad,135000000,House Of 20 Marla Available For Sale In DHA Defence Phase 2,"DHA Defence Phase 2, DHA Defence, Islamabad, Islamabad Capital",1 Kanal,6,,House,,Yes,1,Yes,1,Yes,Yes,,,,,,,
https://www.zameen.com/Property/dha_defence_dha_defence_phase_2_new_corner_furnished_house_with_2_separate_entrances-49187077-339-1.html,islamabad,107500000,New Corner Furnished House With 2 Separate Entrances,"DHA Defence Phase 2, DHA Defence, Islamabad, Islamabad Capital",1 Kanal,6,6,House,2023,3,2,2,2,Yes,Yes,,,,,,,
https://www.zameen.com/Property/islamabad_f-10_f-10_ultra-luxury_1111_yards_10-bed_prestigious_residence_designed_for_high-profile_families_ample_parking_for_6_suvs_vigoes_price_70_crores-53717731-162-1.html,islamabad,700000000,"F-10: Ultra-Luxury 1111 Yards, 10-Bed, Prestigious Residence, Designed For High-Profile Families, Ample Parking For 6+ SUVS/VIGOES. Price 70 Crores","F-10, Islamabad, Islamabad Capital",2.2 Kanal,10,7,House,,Yes,Yes,Yes,Yes,Yes,Yes,,,,,,,
https://www.zameen.com/Property/margalla_hills_2_capital_residencia_4_bedroom_unfurnished_apartment_for_sale_in_capital_residencia_e11-50050276-10573-1.html,islamabad,31000000,4 Bedroom Unfurnished Apartment For Sale In Capital Residencia E11,"Capital Residencia, Margalla Hills-2, E-11, Islamabad, Islamabad Capital",10.7 Marla,4,4,Flat,2020,1,1,1,Yes,Yes,Yes,,,,,,,
https://www.zameen.com/Property/d_12_d-12_4_d12_4_luxury_furnished_brand_new_double_storey_house_5_bed_attach_bath-53337440-3157-1.html,islamabad,135000000,D12/4 Luxury Furnished Brand New Double Storey House 5 Bed Attach Bath,"D-12/4, D-12, Islamabad, Islamabad Capital",10 Marla,5,6,House,2025,2,1,1,1,,,,,,,,,
https://www.zameen.com/Property/islamabad_bani_gala_1_5_storey_house-54188082-340-1.html,islamabad,14000000,1.5 Storey House,"Bani Gala, Islamabad, Islamabad Capital",5 Marla,3,2,House,2019,1,1,1,3,Yes,Yes,,,,,,,
https://www.zameen.com/Property/dha_valley_dha_valley_-_lilly_sector_brand_new_5_marla_single_storey_corner_house_dha_phase_7_rawalpindi-53315739-3214-1.html,islamabad,7800000,"Brand New 5 Marla single Storey Corner House DHA Phase 7, Rawalpindi","DHA Valley - Lilly Sector, DHA Valley, DHA Defence, Islamabad, Islamabad Capital",5 Marla,2,2,House,2020,,,1,1,Yes,Yes,,,,,,,
https://www.zameen.com/Property/dha_defence_dha_defence_phase_2_1_kanal_ultra_luxury_corner_house_with_basement_swimming_pool_lift_in_dha_phase_2_islamabad-53818632-339-1.html,islamabad,155000000,"1 Kanal Ultra Luxury Corner House with Basement, Swimming Pool & Lift in DHA Phase 2 Islamabad","DHA Defence Phase 2, DHA Defence, Islamabad, Islamabad Capital",1 Kanal,5,6,House,2026,4,1,,1,Yes,Yes,,,,,,,
https://www.zameen.com/Property/mpchs_multi_gardens_mpchs_-_block_f_brand_new_house_for_sale_b-17_block-f_ideal_location_main_double_road-54253970-8527-1.html,islamabad,23000000,"Brand New House For Sale B-17 Block-F, Ideal Location, Main Double Road","MPCHS - Block F, MPCHS - Multi Gardens, B-17, Islamabad, Islamabad Capital",5 Marla,4,5,House,2026,1,1,1,2,Yes,Yes,,,,,,,
https://www.zameen.com/Property/dha_defence_dha_defence_phase_2_1_kanal_brand_new_beautiful_peaceful_location_house_up_for_sale_in_dha2_islamabad-53303421-339-1.html,islamabad,117500000,"1 Kanal Brand New Beautiful, Peaceful Location House Up For Sale In Dha2 Islamabad.","DHA Defence Phase 2, DHA Defence, Islamabad, Islamabad Capital",1 Kanal,6,6,House,2025,3,2,1,2,,Yes,,,,,,,
https://www.zameen.com/Property/dha_defence_dha_defence_phase_2_classical_design_1_kanal_brand_new_house_ready_for_sale_in_dha_phase_2_islamabad-54155379-339-1.html,islamabad,155000000,Classical Design 1 Kanal Brand New House Ready For Sale In DHA PHASE 2 Islamabad,"DHA Defence Phase 2, DHA Defence, Islamabad, Islamabad Capital",1 Kanal,5,6,House,2026,3,1,1,1,Yes,Yes,,,,,,,
https://www.zameen.com/Property/dha_defence_dha_defence_phase_2_elegant_design_1_kanal_brand_new_house_ready_for_sale_in_dha_phase_2-54123706-339-1.html,islamabad,105000000,Elegant Design 1 Kanal Brand New House Ready For Sale In DHA PHASE 2,"DHA Defence Phase 2, DHA Defence, Islamabad, Islamabad Capital",1 Kanal,5,6,House,2025,3,1,1,1,Yes,Yes,,,,,,,
https://www.zameen.com/Property/dha_defence_dha_defence_phase_2_american_design_brand_new_1_kanal_brand_new_house_ready_for_sale_in_dha_phase_2_islamabad-54155090-339-1.html,islamabad,95000000,American Design Brand New 1 Kanal Brand New House Ready For Sale In DHA PHASE 2 Islamabad,"DHA Defence Phase 2, DHA Defence, Islamabad, Islamabad Capital",1 Kanal,5,6,House,,2,1,1,1,Yes,Yes,,,,,,,
https://www.zameen.com/Property/dha_defence_dha_defence_phase_2_1_kanal_brand_new_house_on_investor_price_ready_for_sale_in_dha_defence_phase_2_islamabad-54250835-339-1.html,islamabad,95000000,1 Kanal Brand New House on Investor Price Ready For Sale In DHA DEFENCE PHASE 2 Islamabad,"DHA Defence Phase 2, DHA Defence, Islamabad, Islamabad Capital",1 Kanal,5,6,House,2026,3,2,1,1,Yes,Yes,,,,,,,
https://www.zameen.com/Property/dha_defence_dha_defence_phase_2_european_design_1_kanal_brand_new_designer_house_ready_for_sale_in_dha_defence_phase_2_islamabad-54246392-339-1.html,islamabad,98000000,European Design 1 Kanal Brand New Designer House Ready For Sale In DHA DEFENCE PHASE 2 Islamabad,"DHA Defence Phase 2, DHA Defence, Islamabad, Islamabad Capital",1 Kanal,5,6,House,2026,3,1,1,2,Yes,Yes,,,,,,,
https://www.zameen.com/Property/islamabad_f-8_house_for_sale_with_extra_land-49330955-166-1.html,islamabad,260000000,House For Sale With Extra Land,"F-8, Islamabad, Islamabad Capital",1.3 Kanal,6,6,House,2023,Yes,1,1,2,Yes,Yes,,,,,,,
https://www.zameen.com/Property/islamabad_f-8_luxurious_mansion_for_sale_in_f-8_sector_-_prime_location_exclusive_features-49610246-166-1.html,islamabad,650000000,"Luxurious Mansion For Sale In F-8 Sector - Prime Location, Exclusive Features","F-8, Islamabad, Islamabad Capital",4 Kanal,8,6,House,2016,Yes,1,2,2,Yes,Yes,,,,,,,
https://www.zameen.com/Property/i_10_i-10_2_i_10_2_new_house_25x60_for_sale_real_pics_attached-54201625-3421-1.html,islamabad,52500000,I. 10/2 New house 25x60 for sale Real pics attached,"I-10/2, I-10, Islamabad, Islamabad Capital",6 Marla,4,4,House,2020,2,,,,,,,,,,,,
https://www.zameen.com/Property/bahria_town_bahria_enclave_house_in_bahria_enclave_for_sale-48266498-1705-1.html,islamabad,27500000,House In Bahria Enclave For Sale,"Bahria Enclave, Bahria Town, Islamabad, Islamabad Capital",5 Marla,3,4,House,2024,1,1,1,1,Yes,Yes,,,,,,,
https://www.zameen.com/Property/dha_defence_dha_defence_phase_2_dha_phase_2_one_kanal_house-54221194-339-1.html,islamabad,138500000,DHA Phase 2 One Kanal House,"DHA Defence Phase 2, DHA Defence, Islamabad, Islamabad Capital",1 Kanal,5,5,House,2026,3,,,2,,,,,,,,,
https://www.zameen.com/Property/b_17_mpchs_-_multi_gardens_5_marla_twin_houses_at_prime_location_of_b-17_islamabad-54183822-3115-1.html,islamabad,26000000,5 Marla Twin Houses at Prime Location Of B-17 Islamabad,"MPCHS - Multi Gardens, B-17, Islamabad, Islamabad Capital",5 Marla,5,6,House,2026,1,1,2,2,Yes,Yes,,,,,,,
https://www.zameen.com/Property/islamabad_f-11_a_prime_location_1000_square_feet_flat_is_up_for_grabs_in_f-11-53797047-163-1.html,islamabad,17500000,A Prime Location 1000 Square Feet Flat Is Up For Grabs In F-11,"F-11, Islamabad, Islamabad Capital",4.4 Marla,,1,Flat,,1,,,1,Yes,Yes,,,,,,,
https://www.zameen.com/Property/dha_defence_dha_defence_phase_2_semi-furnished_1_kanal_house_for_sale_in_dha_phase_2_islamabad-54250620-339-1.html,islamabad,128000000,Semi-Furnished 1 Kanal House For Sale in DHA Phase 2 Islamabad,"DHA Defence Phase 2, DHA Defence, Islamabad, Islamabad Capital",1 Kanal,5,6,House,2025,3,1,1,2,Yes,Yes,,,,,,,
https://www.zameen.com/Property/fechs_jinnah_gardens_brand_new_double_storey_cda_lop_clear_designer_house_in_jinnah_garden_phase_1_islamabad-53885450-1420-1.html,islamabad,67000000,Brand New Double Storey CDA LOP Clear Designer House In Jinnah Garden Phase 1 Islamabad,"Jinnah Gardens, FECHS, Islamabad, Islamabad Capital",14.2 Marla,6,6,House,2026,3,1,1,2,Yes,Yes,,,,,,,
https://www.zameen.com/Property/fechs_jinnah_gardens_brand_new_double_storey_cda_lop_approved_house_in_jinnah_garden_phase_1_islamabad-53959046-1420-1.html,islamabad,36000000,Brand New Double Storey CDA LOP Approved House In Jinnah Garden Phase 1 Islamabad,"Jinnah Gardens, FECHS, Islamabad, Islamabad Capital",7 Marla,5,6,House,2026,2,1,1,2,Yes,Yes,,,,,,,
https://www.zameen.com/Property/dha_defence_dha_defence_phase_2_1_kanal_brand_new_house_for_sale_in_dha_phase_2_islamabad-54189586-339-1.html,islamabad,90000000,1 Kanal Brand New House For Sale in DHA Phase 2 Islamabad,"DHA Defence Phase 2, DHA Defence, Islamabad, Islamabad Capital",1 Kanal,5,7,House,2025,2,2,1,2,Yes,Yes,,,,,,,
https://www.zameen.com/Property/islamabad_f-17_8_marla_luxury_new_house_for_sale_multi_f-17_islamabad_all_facility_available_cda_pproved_sector-54070214-335-1.html,islamabad,31500000,8 MARLA LUXURY NEW HOUSE FOR SALE MULTI F-17 ISLAMABAD ALL FACILITY AVAILABLE CDA PPROVED SECTOR,"F-17, Islamabad, Islamabad Capital",8 Marla,5,6,House,2026,2,1,1,2,Yes,Yes,,,,,,,
https://www.zameen.com/Property/dha_valley_oleander_sector_oleander_sector_-_dha_homes_block_a_premium_8_marla_corner_villa_in_oleander_dha_phase_7-53442850-16792-1.html,islamabad,16500000,Premium 8 Marla Corner Villa In Oleander (DHA Phase 7),"Oleander Sector - DHA Homes Block A, DHA Valley - Oleander Sector, DHA Valley, DHA Defence, Islamabad, Islamabad Capital",8 Marla,3,3,House,2023,2,1,1,1,Yes,Yes,,,,,,,
https://www.zameen.com/Property/dha_valley_dha_valley_-_oleander_sector_modern_5_marla_house_with_garden_2_bedrooms_car_porch_ideal_family_home-53442940-3213-1.html,islamabad,7800000,"Modern 5 Marla House with Garden, 2 Bedrooms & Car Porch Ideal Family Home","DHA Valley - Oleander Sector, DHA Valley, DHA Defence, Islamabad, Islamabad Capital",5 Marla,2,2,House,2023,1,1,1,1,Yes,Yes,,,,,,,
https://www.zameen.com/Property/dha_valley_oleander_sector_oleander_sector_-_dha_homes_block_a_main_boulevard_facing_8_marla_double_storey_house_dha_phase_7_rawalpindi-53319762-16792-1.html,islamabad,15600000,"Main Boulevard Facing 8 Marla Double Storey House DHA Phase 7, Rawalpindi","Oleander Sector - DHA Homes Block A, DHA Valley - Oleander Sector, DHA Valley, DHA Defence, Islamabad, Islamabad Capital",8 Marla,3,3,House,2023,2,1,1,1,Yes,Yes,,,,,,,
https://www.zameen.com/Property/dha_valley_dha_valley_-_oleander_sector_beautiful_5_marla_family_house_for_sale_2_beds_tv_lounge_garden_parking-53442968-3213-1.html,islamabad,7900000,"Beautiful 5 Marla Family House for Sale 2 Beds, TV Lounge, Garden, Parking","DHA Valley - Oleander Sector, DHA Valley, DHA Defence, Islamabad, Islamabad Capital",5 Marla,2,2,House,2023,1,1,1,1,Yes,Yes,,,,,,,
https://www.zameen.com/Property/islamabad_h-13_flat_for_sale_situated_in_h-13-52649385-1039-1.html,islamabad,15000000,Flat For Sale Situated In H-13,"H-13, Islamabad, Islamabad Capital",4.7 Marla,2,2,Flat,2025,4,2,2,2,Yes,Yes,,,,,,,
https://www.zameen.com/Property/dha_defence_dha_defence_phase_2_modern_design_double_unit_1_kanal_brand_new_designer_house_ready_for_sale_in_dha_defence_phase_2_islamabad-54247327-339-1.html,islamabad,100000000,Modern Design Double Unit 1 Kanal Brand New Designer House Ready For Sale In DHA DEFENCE PHASE 2 Islamabad,"DHA Defence Phase 2, DHA Defence, Islamabad, Islamabad Capital",1 Kanal,6,6,House,2026,4,2,2,2,Yes,Yes,,,,,,,
https://www.zameen.com/Property/islamabad_bani_gala_spanish_house_for_sale-54253860-340-1.html,islamabad,14800000,Spanish House for sale,"Bani Gala, Islamabad, Islamabad Capital",5 Marla,3,4,House,2026,1,,,1,Yes,,,,,,,,
https://www.zameen.com/Property/islamabad_g-11_5_marla_brand_new_spanish_design_luxury_house_is_available_for_sale_in_sector_g-11_islamabad-54203112-168-1.html,islamabad,62500000,"5 Marla Brand New Spanish Design Luxury House Is Available For Sale In Sector G-11 , Islamabad","G-11, Islamabad, Islamabad Capital",5 Marla,4,5,House,2026,2,Yes,Yes,2,Yes,Yes,,,,,,,
https://www.zameen.com/Property/islamabad_pwd_housing_scheme_5_marla_new_house_for_sale_in_dd_block-53795778-424-1.html,islamabad,24900000,5 Marla New House For Sale In DD Block,"PWD Housing Scheme, Islamabad, Islamabad Capital",5 Marla,4,4,House,2026,4,2,1,1,Yes,Yes,,,,,,,
https://www.zameen.com/Property/islamabad_g-13_50_90_proper_1_kanal_awesome_house_for_sale_in_sector_g-13_islamabad_with_all_basic_facilities-49040932-330-1.html,islamabad,170000000,50*90 Proper 1 Kanal Awesome House For Sale In Sector G-13 Islamabad With All Basic Facilities,"G-13, Islamabad, Islamabad Capital",1 Kanal,8,6,House,2024,6,1,1,2,Yes,Yes,,,,,,,
https://www.zameen.com/Property/dha_defence_dha_defence_phase_2_1_kanal_modern_luxury_house_for_sale_in_dha_2_islamabad-53958920-339-1.html,islamabad,127500000,1 Kanal Modern Luxury House For Sale In Dha 2 Islamabad,"DHA Defence Phase 2, DHA Defence, Islamabad, Islamabad Capital",1 Kanal,5,6,House,2026,2,2,1,2,Yes,Yes,,,,,,,
https://www.zameen.com/Property/dha_defence_dha_defence_phase_2_1_kanal_brand_new_modern_house_for_sale_in_dha_phase_2_islamabad-54104104-339-1.html,islamabad,129000000,1 Kanal Brand New Modern House For Sale in Dha Phase 2 Islamabad,"DHA Defence Phase 2, DHA Defence, Islamabad, Islamabad Capital",1 Kanal,5,,House,2026,2,,2,2,Yes,Yes,,,,,,,
https://www.zameen.com/Property/dha_defence_dha_defence_phase_2_2_kanal_ultra_luxury_house_for_sale_in_dha_phase_2_islamabad-54093999-339-1.html,islamabad,300000000,2 Kanal Ultra Luxury House For Sale in DHA Phase 2 Islamabad,"DHA Defence Phase 2, DHA Defence, Islamabad, Islamabad Capital",2 Kanal,7,7,House,2026,5,2,2,2,Yes,Yes,,,,,,,
https://www.zameen.com/Property/islamabad_top_city_1_a_beautiful_park_face_grey_structure_available_for_sale-54151640-1383-1.html,islamabad,50000000,A beautiful park face grey structure available for sale,"Top City 1, Islamabad, Islamabad Capital",1 Kanal,7,6,House,2026,4,2,2,2,Yes,Yes,,,,,,,
https://www.zameen.com/Property/b_17_j7_emporium_ideally_located_three_bedroom_duplex_apartment-53839126-17263-1.html,islamabad,46200000,Ideally Located Three Bedroom Duplex Apartment,"J7 Emporium, B-17, Islamabad, Islamabad Capital",12.4 Marla,3,3,Flat,2028,1,1,1,Yes,Yes,Yes,,,,,,,
https://www.zameen.com/Property/g_13_g-13_4_designer_house_brand_new_for_sale_25_40-53788429-3340-1.html,islamabad,44400000,DESIGNER HOUSE BRAND NEW FOR SALE 25*40,"G-13/4, G-13, Islamabad, Islamabad Capital",4 Marla,5,5,House,2025,Yes,,,,,,,,,,,,
https://www.zameen.com/Property/dha_defence_dha_defence_phase_2_luxurious_1_kanal_pool_house_for_sale-53935354-339-1.html,islamabad,158000000,Luxurious 1 Kanal pool House For Sale,"DHA Defence Phase 2, DHA Defence, Islamabad, Islamabad Capital",1 Kanal,5,6,House,2026,4,,2,2,Yes,Yes,,,,,,,
https://www.zameen.com/Property/dha_defence_dha_defence_phase_5_designer_10_marla_house_for_sale_dha_phase_5_islamabad-53792126-10991-1.html,islamabad,78000000,"Designer 10 Marla House For Sale DHA Phase 5,Islamabad","DHA Defence Phase 5, DHA Defence, Islamabad, Islamabad Capital",10 Marla,5,6,House,2026,2,1,2,2,Yes,Yes,,,,,,,
https://www.zameen.com/Property/dha_defence_dha_defence_phase_5_ultra-luxury_2_kanal_fully_furnished_mansion_for_sale_in_dha_islamabad-54250645-10991-1.html,islamabad,195000000,Ultra-Luxury 2 Kanal Fully Furnished Mansion for Sale in DHA Islamabad,"DHA Defence Phase 5, DHA Defence, Islamabad, Islamabad Capital",2 Kanal,6,6,House,2025,6,2,1,2,Yes,Yes,,,,,,,
https://www.zameen.com/Property/g_11_g-11_2_new_modern_double_storey_house_on_70ft_road_near_g11_markaz_double_road_back_with_2_parks_servant_quarter_cda_transfer-53409307-3331-1.html,islamabad,128500000,"New Modern, Double Storey House on 70ft Road, near G11 Markaz , Double Road Back , with 2 parks , Servant quarter. CDA Transfer","G-11/2, G-11, Islamabad, Islamabad Capital",14 Marla,8,7,House,2026,3,1,1,2,Yes,Yes,,,,,,,
https://www.zameen.com/Property/islamabad_faisal_town_-_f-18_30x60_8_marla_modern_house-53056812-8260-1.html,islamabad,35700000,30x60 8 Marla Modern House,"Faisal Town - F-18, Islamabad, Islamabad Capital",8 Marla,5,6,House,,Yes,Yes,Yes,2,Yes,Yes,,,,,,,
https://www.zameen.com/Property/national_police_foundation_o_9_national_police_foundation_o-9_-_block_c_5_marla_house_for_sale_on_best_price-52297252-16427-1.html,islamabad,18000000,5 Marla House For Sale On Best Price,"National Police Foundation O-9 - Block C, National Police Foundation O-9, Islamabad, Islamabad Capital",5 Marla,4,5,House,2019,1,1,1,2,Yes,Yes,,,,,,,
https://www.zameen.com/Property/islamabad_islamabad_expressway_prime_location_studio_furnished_apartment_for_sale-54202617-9014-1.html,islamabad,7200000,Prime Location Studio Furnished Apartment For Sale,"Islamabad Expressway, Islamabad, Islamabad Capital",2.2 Marla,,,Flat,,,,,,,,,,,,,,
https://www.zameen.com/Property/islamabad_f-17_3_bedroom_flat_for_sale_multi_f-17_islamabad_all_facility_available-54252131-335-1.html,islamabad,8100000,3 BEDROOM FLAT FOR SALE MULTI F-17 ISLAMABAD ALL FACILITY AVAILABLE,"F-17, Islamabad, Islamabad Capital",7 Marla,3,3,Flat,2021,2,1,1,Yes,Yes,Yes,,,,,,,
https://www.zameen.com/Property/dha_defence_phase_5_dha_phase_5_-_sector_f_house_for_sale_in_defence_islamabad_capital-54233086-8836-1.html,islamabad,41500000,House For Sale In Defence Islamabad Capital,"DHA Phase 5 - Sector F, DHA Defence Phase 5, DHA Defence, Islamabad, Islamabad Capital",5 Marla,4,5,House,,,,,,Yes,Yes,,,,,,,
https://www.zameen.com/Property/islamabad_h-13_5_marla_triple_storey_house_for_sale-52696774-1039-1.html,islamabad,23000000,5 Marla Triple Storey House For Sale,"H-13, Islamabad, Islamabad Capital",5 Marla,6,7,House,2023,Yes,Yes,Yes,3,Yes,Yes,,,,,,,
https://www.zameen.com/Property/islamabad_h-13_brand_new_house_is_available_for_sale-52725018-1039-1.html,islamabad,13500000,Brand New House Is Available For Sale,"H-13, Islamabad, Islamabad Capital",5 Marla,3,4,House,2015,1,1,,1,Yes,Yes,,,,,,,
https://www.zameen.com/Property/dha_valley_dha_valley_-_lilly_sector_stylish_5_marla_home_for_small_families_functional_layout_modern_finish-53443930-3214-1.html,islamabad,7900000,Stylish 5 Marla Home For Small Families Functional Layout & Modern Finish,"DHA Valley - Lilly Sector, DHA Valley, DHA Defence, Islamabad, Islamabad Capital",5 Marla,2,2,House,2020,1,1,1,1,Yes,Yes,,,,,,,
https://www.zameen.com/Property/dha_valley_dha_valley_-_lilly_sector_elegant_5_marla_house_with_front_garden_2_bedrooms_tv_lounge-53443970-3214-1.html,islamabad,8300000,"Elegant 5 Marla House with Front Garden, 2 Bedrooms & TV Lounge","DHA Valley - Lilly Sector, DHA Valley, DHA Defence, Islamabad, Islamabad Capital",5 Marla,2,2,House,2023,1,1,1,1,Yes,Yes,,,,,,,
https://www.zameen.com/Property/dha_valley_dha_valley_-_oleander_sector_stylish_5_marla_single-unit_house_with_tv_lounge_and_garden-53444146-3213-1.html,islamabad,7800000,Stylish 5 Marla Single-Unit House With TV Lounge And Garden,"DHA Valley - Oleander Sector, DHA Valley, DHA Defence, Islamabad, Islamabad Capital",5 Marla,2,2,House,2023,1,1,1,1,Yes,Yes,,,,,,,
https://www.zameen.com/Property/g_13_g-13_2_30_60_like_that_brand_new_house_for_sale_fgeha_sector_g-13_2_islamabad_nearly_kashmir_highway-54221649-3338-1.html,islamabad,58000000,30*60 Like That Brand New House For Sale FGEHA Sector G-13/2 Islamabad Nearly Kashmir Highway,"G-13/2, G-13, Islamabad, Islamabad Capital",8 Marla,5,6,House,2022,2,1,1,2,Yes,Yes,,,,,,,
https://www.zameen.com/Property/dha_defence_dha_defence_phase_2_1_kanal_luxury_designer_house_for_sale_in_dha_phase_2_islamabad-54090587-339-1.html,islamabad,136000000,1 Kanal Luxury Designer House For Sale in DHA Phase 2 Islamabad,"DHA Defence Phase 2, DHA Defence, Islamabad, Islamabad Capital",1 Kanal,5,7,House,2026,2,2,1,1,Yes,Yes,,,,,,,
https://www.zameen.com/Property/dha_defence_dha_defence_phase_2_1_kanal_luxury_house_for_sale_in_dha_phase_2_islamabad-54189374-339-1.html,islamabad,138000000,1 Kanal Luxury House For Sale In DHA Phase 2 Islamabad,"DHA Defence Phase 2, DHA Defence, Islamabad, Islamabad Capital",1 Kanal,,,House,2026,2,2,1,2,Yes,Yes,,,,,,,
https://www.zameen.com/Property/dha_defence_dha_defence_phase_2_1_kanal_ultra_luxury_house_for_sale_in_dha_phase_2_islamabad-54189428-339-1.html,islamabad,129500000,1 Kanal Ultra Luxury House For Sale in DHA Phase 2 Islamabad,"DHA Defence Phase 2, DHA Defence, Islamabad, Islamabad Capital",1 Kanal,5,7,House,2026,2,2,,2,Yes,Yes,,,,,,,
https://www.zameen.com/Property/dha_defence_dha_defence_phase_2_in_dha_defence_phase_2_1_kanal_house_for_sale-52510497-339-1.html,islamabad,109000000,In DHA Defence Phase 2 1 Kanal House For sale,"DHA Defence Phase 2, DHA Defence, Islamabad, Islamabad Capital",1 Kanal,5,6,House,2025,2,2,2,2,Yes,Yes,,,,,,,
https://www.zameen.com/Property/dha_defence_dha_defence_phase_2_dha_2_one_kanal_brand_new_designer_house_south_face_house-52501850-339-1.html,islamabad,145000000,DHA 2 One Kanal Brand New Designer House South Face House,"DHA Defence Phase 2, DHA Defence, Islamabad, Islamabad Capital",1 Kanal,5,6,House,2025,3,2,2,2,Yes,Yes,,,,,,,
https://www.zameen.com/Property/dha_defence_dha_defence_phase_2_dha_2_one_kanal_brand_new_luxurious_designer_house_with_swimming_pool-52505438-339-1.html,islamabad,149000000,Dha 2 One Kanal Brand New Luxurious Designer House With Swimming Pool,"DHA Defence Phase 2, DHA Defence, Islamabad, Islamabad Capital",1 Kanal,6,6,House,2025,3,2,2,2,Yes,Yes,,,,,,,
https://www.zameen.com/Property/dha_defence_dha_defence_phase_2_dha2_one_kanal_brand_new_double_unit_designer_house-52506772-339-1.html,islamabad,109000000,Dha2 One Kanal Brand New Double Unit Designer House,"DHA Defence Phase 2, DHA Defence, Islamabad, Islamabad Capital",1 Kanal,6,6,House,2025,3,2,2,2,Yes,Yes,,,,,,,
https://www.zameen.com/Property/islamabad_faisal_hills_the_residences_by_altaf_development_studio_apartments-54244802-10859-1.html,islamabad,13200000,THE RESIDENCES BY ALTAF DEVELOPMENT STUDIO APARTMENTS,"Faisal Hills, Islamabad, Islamabad Capital",3.5 Marla,,,Flat,,,,,Yes,,,,,,,,,
https://www.zameen.com/Property/bahria_enclave_bahria_enclave_-_sector_c1_10_marla_elegant_house_available_for_sale_in_sector_c1-54180207-11987-1.html,islamabad,57000000,10 Marla elegant house available for sale in sector c1,"Bahria Enclave - Sector C1, Bahria Enclave, Bahria Town, Islamabad, Islamabad Capital",10 Marla,5,6,House,2026,2,1,2,2,Yes,Yes,,,,,,,
https://www.zameen.com/Property/islamabad_top_city_1_corner_1_kanal_house_for_sale-54183915-1383-1.html,islamabad,80000000,Corner 1 Kanal House For Sale,"Top City 1, Islamabad, Islamabad Capital",1 Kanal,7,7,House,2016,2,1,1,2,Yes,Yes,,,,,,,
https://www.zameen.com/Property/islamabad_top_city_1_10_marla_house_for_sale_in_top_city-54145933-1383-1.html,islamabad,38500000,10 Marla House For Sale In Top City,"Top City 1, Islamabad, Islamabad Capital",10 Marla,5,6,House,2024,2,1,1,2,Yes,Yes,,,,,,,
https://www.zameen.com/Property/dha_defence_dha_defence_phase_2_1_kanal_ultra_luxury_designer_house_for_sale_in_dha_phase_2_islamabad_7_master_bedrooms_prime_location_near_central_park_dha_phase_2_islamabad_expressway_elegant_living_double_kitchens_servant_accommodation_parking_for_3-54115123-339-1.html,islamabad,145000000,1 Kanal Ultra Luxury Designer House for Sale in DHA Phase 2 Islamabad | 7 Master Bedrooms | Prime Location Near Central Park DHA Phase 2 & Islamabad Expressway | Elegant Living | Double Kitchens | Servant Accommodation | Parking for 3,"DHA Defence Phase 2, DHA Defence, Islamabad, Islamabad Capital",1 Kanal,7,,House,2026,4,2,Yes,2,Yes,Yes,,,,,,,
https://www.zameen.com/Property/islamabad_islamabad_expressway_prime_location_2_bed_furnished_apartment_for_sale-54202644-9014-1.html,islamabad,17200000,Prime Location 2 Bed Furnished Apartment For Sale,"Islamabad Expressway, Islamabad, Islamabad Capital",4.9 Marla,2,,Flat,,,,,,,,,,,,,,
https://www.zameen.com/Property/bahria_enclave_bahria_enclave_-_sector_c1_new_designer_house-53090277-11987-1.html,islamabad,62500000,New Designer House,"Bahria Enclave - Sector C1, Bahria Enclave, Bahria Town, Islamabad, Islamabad Capital",10 Marla,5,6,House,,,1,,2,Yes,Yes,,,,,,,
https://www.zameen.com/Property/dha_defence_dha_defence_phase_5_10_marla_brand_new_house_in_dha_phase_5-52716846-10991-1.html,islamabad,64000000,10 Marla Brand New House In DHA Phase 5,"DHA Defence Phase 5, DHA Defence, Islamabad, Islamabad Capital",10 Marla,5,5,House,2025,4,1,2,2,Yes,Yes,,,,,,,
https://www.zameen.com/Property/dha_defence_dha_defence_phase_2_brand_new_1_kanal_luxurious_house_for_sale-52964109-339-1.html,islamabad,95000000,Brand New 1 Kanal Luxurious House For Sale,"DHA Defence Phase 2, DHA Defence, Islamabad, Islamabad Capital",1 Kanal,5,7,House,2025,3,2,2,2,Yes,Yes,,,,,,,
https://www.zameen.com/Property/g_11_g-11_3_700_square_feet_apartment_available_for_sale_in_g_11_3_new_pha_isb-53988968-3332-1.html,islamabad,17000000,700 Square Feet Apartment Available For Sale In G 11 /3 New PHA Isb,"G-11/3, G-11, Islamabad, Islamabad Capital",3.1 Marla,2,2,Flat,2020,1,,,,,,,,,,,,
https://www.zameen.com/Property/g_15_zarkon_heights_1_bed_for_sale_in_zarkon_heights_g15_islamabad-53817034-10169-1.html,islamabad,11700000,1 BED FOR SALE IN ZARKON HEIGHTS G15 ISLAMABAD,"Zarkon Heights, G-15, Islamabad, Islamabad Capital",2.8 Marla,1,1,Flat,2026,1,,,1,Yes,Yes,,,,,,,
https://www.zameen.com/Property/dha_valley_dha_valley_-_oleander_sector_perfect_5_marla_family_house_functional_spaces_with_garden-53444155-3213-1.html,islamabad,7800000,Perfect 5 Marla Family House Functional Spaces with Garden,"DHA Valley - Oleander Sector, DHA Valley, DHA Defence, Islamabad, Islamabad Capital",5 Marla,2,2,House,2023,1,1,1,1,Yes,Yes,,,,,,,
https://www.zameen.com/Property/islamabad_h-13_new_house_for_sale-52738838-1039-1.html,islamabad,7500000,New House For Sale,"H-13, Islamabad, Islamabad Capital",3 Marla,3,3,House,,1,Yes,2,2,Yes,Yes,,,,,,,
https://www.zameen.com/Property/islamabad_h-13_one_bed_flat_is_for_sale-53384465-1039-1.html,islamabad,5500000,One Bed Flat Is For Sale,"H-13, Islamabad, Islamabad Capital",1.8 Marla,1,1,Flat,2020,1,0,0,1,Yes,Yes,,,,,,,
https://www.zameen.com/Property/g_13_g-13_2_8_marla_brand_new_house_for_sale_g-13_2_islamabad-54159477-3338-1.html,islamabad,67500000,8 Marla Brand New House For Sale G-13/2 Islamabad,"G-13/2, G-13, Islamabad, Islamabad Capital",8 Marla,5,6,House,2026,2,Yes,Yes,2,Yes,Yes,,,,,,,
https://www.zameen.com/Property/g_13_g-13_2_8_marla_short_corner_house_like_brand_new_available_for_sale_g-13_2-54181679-3338-1.html,islamabad,61500000,8 marla Short Corner House Like brand new available For Sale G-13/2,"G-13/2, G-13, Islamabad, Islamabad Capital",8 Marla,5,6,House,2023,Yes,Yes,Yes,Yes,Yes,Yes,,,,,,,
https://www.zameen.com/Property/dha_defence_dha_defence_phase_2_dha2_1_5_kanal_brand_new_luxurious_designer_full_furnished_house-52911426-339-1.html,islamabad,180000000,Dha2 1.5 Kanal Brand New Luxurious Designer Full Furnished House,"DHA Defence Phase 2, DHA Defence, Islamabad, Islamabad Capital",1.5 Kanal,6,6,House,2024,4,2,2,2,Yes,Yes,,,,,,,
https://www.zameen.com/Property/dha_defence_dha_defence_phase_2_dha_21_2_kanal_brand_new_luxurious_designer_house_with_basement-53403734-339-1.html,islamabad,149000000,Dha 21.2 Kanal Brand New Luxurious Designer House With Basement,"DHA Defence Phase 2, DHA Defence, Islamabad, Islamabad Capital",1.1 Kanal,7,6,House,2025,3,2,2,2,Yes,Yes,,,,,,,
https://www.zameen.com/Property/zaraj_housing_scheme_zaraj_scheme_-_sector_c_10_marla_house_for_sale_in_zaraj_housing_scheme_islamabad_opposites_giga_mall_dha_2-54235132-3512-1.html,islamabad,54500000,10 Marla House For Sale In Zaraj Housing Scheme Islamabad Opposites Giga Mall Dha 2,"Zaraj Scheme - Sector C, Zaraj Housing Scheme, Islamabad, Islamabad Capital",10 Marla,5,6,House,2026,2,,1,2,Yes,Yes,,,,,,,
https://www.zameen.com/Property/f_17_telegardens_t_t_echs_8_marla_brand_new_single_storey_new_house_for_sale_f-17_islamabad_all_facility_available_cda_pproved_sector-54109347-12136-1.html,islamabad,18400000,8 MARLA BRAND NEW SINGLE STOREY NEW HOUSE FOR SALE F-17 ISLAMABAD ALL FACILITY AVAILABLE CDA PPROVED SECTOR,"Telegardens (T&T ECHS), F-17, Islamabad, Islamabad Capital",8 Marla,2,3,House,2026,2,1,1,1,Yes,Yes,,,,,,,
https://www.zameen.com/Property/islamabad_f-6_f-6_house_for_sale-53612738-164-1.html,islamabad,600000000,F-6 House For Sale,"F-6, Islamabad, Islamabad Capital",2.5 Kanal,5,6,House,,4,2,2,2,Yes,Yes,,,,,,,
https://www.zameen.com/Property/islamabad_f-6_f-6_house_for_sale_brand_new_architecture_design_house-53612670-164-1.html,islamabad,1,F-6 House For Sale Brand New Architecture Design House,"F-6, Islamabad, Islamabad Capital",2.2 Kanal,7,,House,2025,2,2,2,2,Yes,Yes,,,,,,,
https://www.zameen.com/Property/islamabad_f-7_f-7_brand_new_house_for_sale-54204064-165-1.html,islamabad,500000000,F-7 Brand New House For Sale,"F-7, Islamabad, Islamabad Capital",1.3 Kanal,6,6,House,,4,2,,2,Yes,Yes,,,,,,,
https://www.zameen.com/Property/islamabad_f-7_f-7_house_for_sale_500_sq_yard_cda_transfer-54118596-165-1.html,islamabad,290000000,F-7 House For Sale !500 Sq Yard!CDA Transfer,"F-7, Islamabad, Islamabad Capital",1 Kanal,5,6,House,2020,6,2,2,2,Yes,Yes,,,,,,,
https://www.zameen.com/Property/bahria_enclave_bahria_enclave_-_sector_a_bahria_enclave_islamabad_sector_a_10_marla_lop_clear_semi_corner_sun_face_modern_houseavailable-54175507-11970-1.html,islamabad,62000000,Bahria Enclave Islamabad Sector A 10 Marla LOP CLEAR Semi Corner Sun Face Modern HouseAvailable,"Bahria Enclave - Sector A, Bahria Enclave, Bahria Town, Islamabad, Islamabad Capital",10 Marla,5,6,House,,2,1,,2,Yes,Yes,,,,,,,
https://www.zameen.com/Property/d_12_d-12_3_stunning_and_affordable_house_available_for_sale_in_d-12_3-54065548-3156-1.html,islamabad,240000000,Stunning And Affordable House Available For Sale In D-12/3,"D-12/3, D-12, Islamabad, Islamabad Capital",1.2 Kanal,9,,House,2026,1,1,1,2,Yes,Yes,,,,,,,
https://www.zameen.com/Property/islamabad_d-12_14_marla_spacious_house_is_available_in_d-12_for_sale-54065484-160-1.html,islamabad,153000000,14 Marla Spacious House Is Available In D-12 For Sale,"D-12, Islamabad, Islamabad Capital",14 Marla,5,5,House,,,,,,Yes,Yes,,,,,,,
https://www.zameen.com/Property/islamabad_d-12_ideal_house_for_sale_in_d-12-54047031-160-1.html,islamabad,54000000,Ideal House For Sale In D-12,"D-12, Islamabad, Islamabad Capital",5 Marla,4,5,House,2025,1,1,1,1,Yes,Yes,,,,,,,
https://www.zameen.com/Property/islamabad_d-12_5_marla_house_for_sale_in_d-12-54178352-160-1.html,islamabad,75000000,5 Marla House For sale In D-12,"D-12, Islamabad, Islamabad Capital",5 Marla,5,5,House,,,,,,Yes,Yes,,,,,,,
https://www.zameen.com/Property/dha_defence_phase_5_dha_phase_5_-_sector_c_2_5_kanal_luxury_designer_house_for_sale_prime_location_15_kva_solar_near_park_mosque-54042967-8402-1.html,islamabad,160000000,2.5 Kanal Luxury Designer House for Sale | Prime Location | 15 KVA Solar | Near Park & Mosque,"DHA Phase 5 - Sector C, DHA Defence Phase 5, DHA Defence, Islamabad, Islamabad Capital",2.5 Kanal,4,5,House,2025,4,1,1,1,Yes,Yes,,,,,,,
https://www.zameen.com/Property/dha_defence_dha_defence_phase_2_1_kanal_practical_house_for_sale_in_dha_phase_2_islamabad-54221363-339-1.html,islamabad,105000000,"1 Kanal Practical House for Sale in DHA Phase 2, Islamabad","DHA Defence Phase 2, DHA Defence, Islamabad, Islamabad Capital",1 Kanal,6,6,House,2025,3,2,2,2,Yes,Yes,,,,,,,
https://www.zameen.com/Property/d_17_margalla_view_housing_society_a_spacious_2100_square_feet_house_in_margalla_view_housing_society-54248090-3160-1.html,islamabad,38500000,A Spacious 2100 Square Feet House In Margalla View Housing Society,"Margalla View Housing Society, D-17, Islamabad, Islamabad Capital",9.3 Marla,4,5,House,,,,,,,,,,,,,,
https://www.zameen.com/Property/faisal_town_phase_1_faisal_town_phase_1_-_block_c_house_is_available_for_sale-54248134-16418-1.html,islamabad,29500000,House Is Available For Sale,"Faisal Town Phase 1 - Block C, Faisal Town Phase 1, Faisal Town - F-18, Islamabad, Islamabad Capital",5 Marla,4,4,House,,,,,,Yes,Yes,,,,,,,
https://www.zameen.com/Property/faisal_hills_canary_residency_luxury_furnished_corner_villa_for_sale_in_faisal_hills_canary_villas-54242135-18223-1.html,islamabad,25000000,Luxury Furnished Corner Villa For Sale In Faisal Hills Canary Villas,"Canary Residency, Faisal Hills, Islamabad, Islamabad Capital",5 Marla,4,4,House,,Yes,1,Yes,1,Yes,Yes,,,,,,,
https://www.zameen.com/Property/islamabad_g-10_for_sale_renovated_42_80_triple_storey_house_with_extra_land_9-beds_g_10_1-54253228-167-1.html,islamabad,129500000,FOR SALE Renovated 42*80 Triple Storey House with Extra Land 9-Beds G_10/1,"G-10, Islamabad, Islamabad Capital",15 Marla,9,7,House,,Yes,Yes,Yes,Yes,Yes,Yes,,,,,,,
https://www.zameen.com/Property/bahria_enclave_bahria_enclave_-_sector_c2_double_heighted_triple_story_structure_for_sale_in_sector_c2_aa_construction_7_bedroom_investor_rate_bahria_enclave_islamabad-54143907-11988-1.html,islamabad,30000000,Double Heighted Triple Story Structure For Sale In Sector C2 AA+Construction 7 Bedroom Investor Rate Bahria Enclave Islamabad,"Bahria Enclave - Sector C2, Bahria Enclave, Bahria Town, Islamabad, Islamabad Capital",9 Marla,5,6,House,2026,Yes,1,2,2,Yes,Yes,,,,,,,
https://www.zameen.com/Property/g_14_g-14_3_ultra_luxury_brand_new_house_for_sale_g-14_3-54213221-3345-1.html,islamabad,60000000,ULTRA LUXURY BRAND NEW HOUSE FOR SALE G-14/3,"G-14/3, G-14, Islamabad, Islamabad Capital",8 Marla,5,6,House,2026,Yes,Yes,Yes,Yes,Yes,Yes,,,,,,,
https://www.zameen.com/Property/islamabad_kuri_road_6_marla_double_storey_house_near_kuri_road-53403837-10322-1.html,islamabad,19000000,6 Marla Double Storey House Near Kuri Road,"Kuri Road, Islamabad, Islamabad Capital",6 Marla,4,2,House,2018,Yes,1,1,2,Yes,Yes,,,,,,,
https://www.zameen.com/Property/islamabad_g-13_g-13_25x40_house_available_for_sale-54113653-330-1.html,islamabad,33000000,G-13 25x40 House Available For Sale,"G-13, Islamabad, Islamabad Capital",4 Marla,4,4,House,,,,,,Yes,Yes,,,,,,,
https://www.zameen.com/Property/islamabad_g-13_g-13_25x40_brand_new_house_available_for_sale-54219593-330-1.html,islamabad,40000000,G-13 25x40 Brand New House Available For Sale,"G-13, Islamabad, Islamabad Capital",4 Marla,4,4,House,2025,4,2,2,2,Yes,Yes,,,,,,,
https://www.zameen.com/Property/islamabad_g-16_50_x90_1_kanal_aaa_quality_owner_built_house_located_in_g-16_4_islamabad-54143205-580-1.html,islamabad,70000000,"50 x90 (1 kanal) , AAA quality (Owner built) house, located in G-16/4, Islamabad","G-16, Islamabad, Islamabad Capital",1 Kanal,7,6,House,2025,3,1,1,2,Yes,Yes,,,,,,,
https://www.zameen.com/Property/f_8_f-8_3_f-8_3_house_for_sale_proper_cornor_80_by_120_1066_sq_yard_most_prime_location-53654771-3316-1.html,islamabad,460000000,F-8/3 house for sale ! Proper cornor ! 80 by 120 ! 1066 sq yard ! Most prime location,"F-8/3, F-8, Islamabad, Islamabad Capital",2.1 Kanal,6,6,House,2020,5,2,2,1,Yes,Yes,,,,,,,
https://www.zameen.com/Property/islamabad_f-8_f-8_3_house_for_sale_on_investor_price-53578805-166-1.html,islamabad,240000000,F-8/3 House For Sale On Investor Price,"F-8, Islamabad, Islamabad Capital",1 Kanal,5,5,House,2020,2,2,,,Yes,Yes,,,,,,,
https://www.zameen.com/Property/gulberg_greens_gulberg_greens_-_block_c_5_kanal_ready_farm_house_available_for_sale_in_e_block_gulberg_green_islamabad-53372820-8315-1.html,islamabad,300000000,5 Kanal Ready Farm House Available For Sale In E Block Gulberg Green Islamabad,"Gulberg Greens - Block C, Gulberg Greens, Gulberg, Islamabad, Islamabad Capital",5 Kanal,6,6,Farm House,2024,2,6,5,6,Yes,Yes,,,,,,,
https://www.zameen.com/Property/dha_defence_dha_defence_phase_2_hot_deal_1_kanal_double-unit_house_for_sale_near_giga_mall_dha-2_islamabad-53787268-339-1.html,islamabad,105000000,Hot Deal! 1 Kanal Double-Unit House For Sale | Near Giga Mall | DHA-2 Islamabad,"DHA Defence Phase 2, DHA Defence, Islamabad, Islamabad Capital",1 Kanal,6,6,House,,Yes,2,2,3,Yes,Yes,,,,,,,
https://www.zameen.com/Property/dha_defence_dha_defence_phase_2_elegant_1_kanal_double_unit_house_for_sale_a_perfect_blend_of_luxury_comfort-53886682-339-1.html,islamabad,128000000,Elegant 1 Kanal Double Unit House for Sale A Perfect Blend of Luxury & Comfort,"DHA Defence Phase 2, DHA Defence, Islamabad, Islamabad Capital",1 Kanal,5,6,House,,2,1,,2,Yes,Yes,,,,,,,
https://www.zameen.com/Property/dha_defence_dha_defence_phase_2_10_marla_house_for_sale_a_perfect_blend_of_comfort_elegance-54094147-339-1.html,islamabad,71500000,10 Marla House for Sale A Perfect Blend of Comfort & Elegance,"DHA Defence Phase 2, DHA Defence, Islamabad, Islamabad Capital",10 Marla,6,6,House,2026,,1,2,2,,,,,,,,,
https://www.zameen.com/Property/islamabad_f-17_10_marla_double_storey_house_for_sale_multi_f-17_islamabad_all_facility_available_cda_pproved_sector_mpchs-53453878-335-1.html,islamabad,36000000,10 MARLA DOUBLE STOREY HOUSE FOR SALE MULTI F-17 ISLAMABAD ALL FACILITY AVAILABLE CDA PPROVED SECTOR MPCHS,"F-17, Islamabad, Islamabad Capital",10 Marla,6,6,House,2020,2,1,1,2,Yes,Yes,,,,,,,
https://www.zameen.com/Property/islamabad_f-7_beautiful_furnished_house_available_for_sale_on_prime_location-54139316-165-1.html,islamabad,400000000,Beautiful Furnished House Available For Sale On Prime Location,"F-7, Islamabad, Islamabad Capital",1.3 Kanal,5,6,House,2011,Yes,2,1,2,Yes,Yes,,,,,,,
https://www.zameen.com/Property/islamabad_d-12_a_palatial_residence_for_sale_in_d-12_d-12-54178428-160-1.html,islamabad,45000000,A Palatial Residence For sale In D-12 D-12,"D-12, Islamabad, Islamabad Capital",5 Marla,3,3,House,2024,1,1,1,1,Yes,Yes,,,,,,,
https://www.zameen.com/Property/islamabad_i-11_brand_new_6_marla_house_available_for_sale_in_i-11-53859565-706-1.html,islamabad,44500000,BRAND NEW 6 MARLA HOUSE AVAILABLE FOR SALE IN I-11,"I-11, Islamabad, Islamabad Capital",6 Marla,4,5,House,2025,Yes,Yes,Yes,2,Yes,Yes,,,,,,,
https://www.zameen.com/Property/islamabad_i-11_brand_new_double_storey_house_for_sale-53933357-706-1.html,islamabad,32500000,Brand New Double Storey House For Sale,"I-11, Islamabad, Islamabad Capital",4 Marla,5,5,House,2026,Yes,,,2,,Yes,,,,,,,
https://www.zameen.com/Property/dha_defence_phase_2_defence_residency_2_bedroom_apartment_for_sale_in_el-cielo_tower_a_al_ghurair_giga_dha_2_islamabad-54119116-9914-1.html,islamabad,11000000,"2 Bedroom Apartment For Sale In El-Cielo Tower A, Al Ghurair Giga DHA 2 Islamabad","Defence Residency, DHA Defence Phase 2, DHA Defence, Islamabad, Islamabad Capital",4.2 Marla,2,2,Flat,2025,1,,,,,,,,,,,,
https://www.zameen.com/Property/islamabad_d-12_beautiful_location_modern_luxury_house_for_sale_solid_construction-54156863-160-1.html,islamabad,120000000,BEAUTIFUL LOCATION MODERN LUXURY HOUSE FOR SALE SOLID CONSTRUCTION,"D-12, Islamabad, Islamabad Capital",10 Marla,5,6,House,2026,3,1,,2,Yes,Yes,,,,,,,
https://www.zameen.com/Property/faisal_hills_canary_residency_canary_villas_non_corner_5_marla_luxury_villa_in_faisal_hills-54242134-18223-1.html,islamabad,21000000,Canary Villas Non Corner 5 Marla Luxury Villa in Faisal Hills,"Canary Residency, Faisal Hills, Islamabad, Islamabad Capital",5 Marla,4,4,House,,Yes,Yes,Yes,1,Yes,Yes,,,,,,,
https://www.zameen.com/Property/islamabad_g-11_luxury_triple_story_house_40x80_for_sale_in_g-11_2_islamabad-54249820-168-1.html,islamabad,135000000,Luxury Triple Story House 40x80 for Sale in G-11/2 Islamabad,"G-11, Islamabad, Islamabad Capital",14.2 Marla,9,7,House,2016,5,1,1,3,Yes,Yes,,,,,,,
https://www.zameen.com/Property/islamabad_b-17_double_storey_8_marla_house_available_in_b-17_for_sale-54183264-616-1.html,islamabad,31000000,Double Storey 8 Marla House Available In B-17 For sale,"B-17, Islamabad, Islamabad Capital",8 Marla,4,6,House,,2,,,2,Yes,,,,,,,,
https://www.zameen.com/Property/i_14_i-14_1_corner_house_25x60_in_i-14_1_near_from_park_and_main_road-54249739-8340-1.html,islamabad,32000000,Corner House 25x60 In I-14/1 Near From Park And Main Road,"I-14/1, I-14, Islamabad, Islamabad Capital",6 Marla,5,6,House,2023,1,,,,,,,,,,,,
https://www.zameen.com/Property/bahria_enclave_bahria_enclave_-_sector_i_5_marla_house_for_sale-54249660-11982-1.html,islamabad,26200000,5 Marla house for sale,"Bahria Enclave - Sector I, Bahria Enclave, Bahria Town, Islamabad, Islamabad Capital",5 Marla,3,4,House,2026,4,1,,2,Yes,Yes,,,,,,,
https://www.zameen.com/Property/bahria_enclave_bahria_enclave_-_sector_h_brand_new_designer_house_for_sale_in_sector_h_reasonabe_price_3_bedroom_best_location_for_living_bahria_enclave_islamabad-54143899-11983-1.html,islamabad,26000000,Brand New Designer House For Sale In Sector H Reasonabe Price 3 Bedroom Best Location For Living Bahria Enclave Islamabad,"Bahria Enclave - Sector H, Bahria Enclave, Bahria Town, Islamabad, Islamabad Capital",5 Marla,3,4,House,2026,Yes,1,1,1,Yes,Yes,,,,,,,
https://www.zameen.com/Property/islamabad_mumtaz_city_melano_square_residence_mumtaz_city_islamabad-54090609-3464-1.html,islamabad,7140000,"Melano Square Residence, Mumtaz City Islamabad","Mumtaz City, Islamabad, Islamabad Capital",2.3 Marla,1,1,Flat,2026,1,,1,Yes,Yes,Yes,,,,,,,
https://www.zameen.com/Property/gulberg_residencia_gulberg_residencia_-_block_l_gulberg_residencia_islamabad_blok_l_very_good_location_surface_house-53623122-9122-1.html,islamabad,40000000,Gulberg Residencia Islamabad Blok L Very Good Location Surface House,"Gulberg Residencia - Block L, Gulberg Residencia, Gulberg, Islamabad, Islamabad Capital",7 Marla,4,5,House,,1,,1,1,Yes,Yes,,,,,,,
https://www.zameen.com/Property/soan_garden_soan_garden_-_block_f_7_marla_brand_new_house_available_for_sale_sowan_gardan-53728915-3496-1.html,islamabad,35500000,7 Marla Brand New House Available For Sale Sowan Gardan,"Soan Garden - Block F, Soan Garden, Islamabad, Islamabad Capital",7 Marla,4,5,House,,2,,,,,,,,,,,,
https://www.zameen.com/Property/islamabad_d-12_d_12_brand_new_house_available_40_80_facing_big_houses_and_sun_facing-54005368-160-1.html,islamabad,149000000,D 12 Brand New House Available 40*80 Facing Big Houses And Sun Facing.,"D-12, Islamabad, Islamabad Capital",14 Marla,7,6,House,2026,4,1,2,2,Yes,Yes,,,,,,,
https://www.zameen.com/Property/islamabad_f-6_f_6_2_100_225_corner_house_available_2_houses_build_in_this_plot-52281535-164-1.html,islamabad,1.35,F 6/2 100*225 Corner House Available 2 Houses Build In This Plot.,"F-6, Islamabad, Islamabad Capital",5 Kanal,10,6,House,2024,20,6,4,3,Yes,Yes,,,,,,,
https://www.zameen.com/Property/f_8_f-8_3_f_8_3_house_available_1777_near_ismail_zebi_service_road_and_near_margla_road-52378030-3316-1.html,islamabad,650000000,F 8/3 House Available 1777 Near Ismail Zebi Service Road And Near Margla Road.,"F-8/3, F-8, Islamabad, Islamabad Capital",3.6 Kanal,7,6,House,2000,15,2,2,2,Yes,Yes,,,,,,,
https://www.zameen.com/Property/f_11_f-11_3_house_for_sale_f-11_3_islamabad-53721344-3284-1.html,islamabad,97500000,"House For Sale F-11/3, Islamabad","F-11/3, F-11, Islamabad, Islamabad Capital",9.3 Marla,4,4,House,2010,2,1,1,2,Yes,Yes,,,,,,,
https://www.zameen.com/Property/islamabad_bani_gala_affordable_house_for_sale_in_bani_gala-53908591-340-1.html,islamabad,14000000,Affordable House For sale In Bani Gala,"Bani Gala, Islamabad, Islamabad Capital",5 Marla,3,3,House,2027,1,,,,Yes,Yes,,,,,,,
https://www.zameen.com/Property/dha_defence_dha_valley_brand_new_5_marla_house_for_sale_in_dha_valley_modern_living_at_its_finest-54119230-1333-1.html,islamabad,8000000,Brand New 5 Marla House for Sale in DHA Valley Modern Living at Its Finest,"DHA Valley, DHA Defence, Islamabad, Islamabad Capital",5 Marla,2,2,House,2022,2,,,1,Yes,Yes,,,,,,,
https://www.zameen.com/Property/islamabad_h-13_beautiful_brand_new_house_for_sale-52664422-1039-1.html,islamabad,12000000,Beautiful Brand New House For Sale,"H-13, Islamabad, Islamabad Capital",3 Marla,4,4,House,,,,,,,,,,,,,,
https://www.zameen.com/Property/islamabad_h-13_5_marla_semi_furnished_house_for_sell-52666059-1039-1.html,islamabad,17000000,5 Marla Semi Furnished House For Sell,"H-13, Islamabad, Islamabad Capital",5 Marla,3,2,House,2013,Yes,,,,,,,,,,,,
https://www.zameen.com/Property/islamabad_h-13_new_house_2_bedrooms_attached_washrooms-52836128-1039-1.html,islamabad,7000000,New House 2 Bedrooms Attached Washrooms,"H-13, Islamabad, Islamabad Capital",2 Marla,2,2,House,2025,1,,,2,Yes,Yes,,,,,,,
https://www.zameen.com/Property/islamabad_h-13_brand_new_house_is_available-52948951-1039-1.html,islamabad,37000000,Brand New House Is Available,"H-13, Islamabad, Islamabad Capital",8 Marla,6,6,House,2020,Yes,,,2,Yes,Yes,,,,,,,
https://www.zameen.com/Property/islamabad_h-13_brand_new_house-52974001-1039-1.html,islamabad,22000000,Brand New House,"H-13, Islamabad, Islamabad Capital",5 Marla,3,3,House,,,,,,,,,,,,,,
https://www.zameen.com/Property/islamabad_top_city_1_prime_location_20_marla_house_in_beautiful_location_of_top_city_1-54192013-1383-1.html,islamabad,78000000,Prime Location 20 Marla House In Beautiful Location Of Top City 1,"Top City 1, Islamabad, Islamabad Capital",1 Kanal,6,7,House,2015,3,1,1,2,Yes,Yes,,,,,,,
https://www.zameen.com/Property/bahria_enclave_cube_apartments_1_bed_cube_apartment_all_charges_paid_for_sale_in_bahria_enclave_islamabad-54123025-21520-1.html,islamabad,11800000,1 Bed Cube Apartment All Charges Paid For Sale in Bahria Enclave Islamabad,"Cube Apartments, Bahria Enclave, Bahria Town, Islamabad, Islamabad Capital",4.9 Marla,1,1,Flat,2026,1,1,2,1,Yes,Yes,,,,,,,
https://www.zameen.com/Property/g_9_g-9_4_cda_sector_g-9_4_35_70_5-bedroom_liveable_house_for_sale-54241558-3387-1.html,islamabad,73500000,Cda Sector G-9/4(35*70) 5-Bedroom Liveable House For Sale.,"G-9/4, G-9, Islamabad, Islamabad Capital",10 Marla,5,5,House,,,,,,,,,,,,,,
https://www.zameen.com/Property/g_10_g-10_4_g-10_4_main_sawan_road_35_70_5_bedrooms_livable_house_for_sale-54241510-3327-1.html,islamabad,87500000,G-10/4 Main Sawan Road (35*70) 5 Bedrooms Livable House For Sale.,"G-10/4, G-10, Islamabad, Islamabad Capital",10 Marla,5,5,House,,,,,,,,,,,,,,
https://www.zameen.com/Property/d_12_d-12_1_corner_brand_new_house_for_sale_in_d_12-52932983-3154-1.html,islamabad,130000000,Corner Brand New House For Sale In D 12,"D-12/1, D-12, Islamabad, Islamabad Capital",10 Marla,5,5,House,2024,2,,1,2,Yes,Yes,,,,,,,
https://www.zameen.com/Property/islamabad_d-17_10_marla_brand_new_double_storey_house_available_for_sale-54186482-737-1.html,islamabad,36000000,10 Marla Brand New Double Storey House Available For Sale,"D-17, Islamabad, Islamabad Capital",10 Marla,5,7,House,2025,Yes,,Yes,2,Yes,Yes,,,,,,,
https://www.zameen.com/Property/top_city_1_top_city_1_-_block_b_one_kanal_brand_new_house_with_full_basement-54128610-9230-1.html,islamabad,110000000,One Kanal Brand New House With Full Basement,"Top City 1 - Block B, Top City 1, Islamabad, Islamabad Capital",1 Kanal,10,6,House,2026,3,1,2,3,Yes,Yes,,,,,,,
https://www.zameen.com/Property/faisal_town_phase_1_faisal_town_phase_1_-_block_a_1800_square_feet_house_is_available_for_sale-54174504-16416-1.html,islamabad,42000000,1800 Square Feet House Is Available For sale,"Faisal Town Phase 1 - Block A, Faisal Town Phase 1, Faisal Town - F-18, Islamabad, Islamabad Capital",8 Marla,5,5,House,,,1,1,2,Yes,Yes,,,,,,,
https://www.zameen.com/Property/faisal_town_phase_1_faisal_town_phase_1_-_block_a_buy_your_ideal_1800_square_feet_house_in_a_prime_location_of_islamabad-54174506-16416-1.html,islamabad,40000000,Buy your ideal 1800 Square Feet House in a prime location of Islamabad,"Faisal Town Phase 1 - Block A, Faisal Town Phase 1, Faisal Town - F-18, Islamabad, Islamabad Capital",8 Marla,5,5,House,,,,1,2,Yes,Yes,,,,,,,
https://www.zameen.com/Property/islamabad_pwd_housing_scheme_prominently-located_flat_available_in_pwd_housing_scheme_for_sale-54214045-424-1.html,islamabad,5700000,Prominently-Located Flat Available In PWD Housing Scheme For Sale,"PWD Housing Scheme, Islamabad, Islamabad Capital",2.1 Marla,2,2,Flat,,,,,,,,,,,,,,
https://www.zameen.com/Property/top_city_1_top_city_1_-_block_a_house_sized_10_marla_in_top_city_1_-_block_a-54016268-9231-1.html,islamabad,42500000,House Sized 10 Marla In Top City 1 - Block A,"Top City 1 - Block A, Top City 1, Islamabad, Islamabad Capital",10 Marla,5,5,House,2025,1,1,1,2,Yes,Yes,,,,,,,
https://www.zameen.com/Property/top_city_1_top_city_1_-_block_d_reserve_a_house_of_10_marla_now_in_top_city_1_-_block_d-54016210-9233-1.html,islamabad,49300000,Reserve A House Of 10 Marla Now In Top City 1 - Block D,"Top City 1 - Block D, Top City 1, Islamabad, Islamabad Capital",10 Marla,5,5,House,,,,1,1,Yes,Yes,,,,,,,
https://www.zameen.com/Property/g_10_g-10_2_g_10_2_50_90_old_house_available_on_beautiful_location-52410545-3325-1.html,islamabad,130000000,G 10 /2 50*90 Old House Available On Beautiful Location.,"G-10/2, G-10, Islamabad, Islamabad Capital",1 Kanal,5,6,House,2000,5,2,2,2,Yes,Yes,,,,,,,
https://www.zameen.com/Property/islamabad_f-8_f_8_park_facing_1244_square_yards_house_available_80_140_marglla_facing-52809060-166-1.html,islamabad,460000000,F 8 Park Facing 1244 Square Yards House Available 80*140 Marglla Facing.,"F-8, Islamabad, Islamabad Capital",2.5 Kanal,8,6,House,2000,8,2,2,2,Yes,Yes,,,,,,,
https://www.zameen.com/Property/islamabad_f-8_f_8_corner_house_available_50_90_sun_facing_beautiful_location-52989398-166-1.html,islamabad,245000000,F 8 Corner House Available 50*90 Sun Facing Beautiful Location.,"F-8, Islamabad, Islamabad Capital",1 Kanal,6,6,House,2000,6,2,2,2,Yes,Yes,,,,,,,
https://www.zameen.com/Property/f_7_f-7_3_f_7_house_available_80_140_house_near_margla_road-53022784-3309-1.html,islamabad,550000000,F 7 House Available 80*140 House Near Margla Road.,"F-7/3, F-7, Islamabad, Islamabad Capital",2.5 Kanal,5,6,House,2000,10,2,2,1,Yes,Yes,,,,,,,
https://www.zameen.com/Property/islamabad_f-10_f_10_brand_new_house_available_81_125_1111_square_yards_stylish_and_latest_designer_house-53059629-162-1.html,islamabad,690000000,F 10 Brand New House Available 81*125 1111 Square Yards Stylish And Latest Designer House.,"F-10, Islamabad, Islamabad Capital",2.2 Kanal,10,6,House,2025,10,2,2,2,Yes,Yes,,,,,,,
https://www.zameen.com/Property/islamabad_h-13_double_storey_house_for_sale-53519146-1039-1.html,islamabad,19000000,Double Storey House For Sale,"H-13, Islamabad, Islamabad Capital",5 Marla,4,6,House,,Yes,,,2,Yes,Yes,,,,,,,
https://www.zameen.com/Property/dha_valley_dha_valley_-_oleander_sector_modern_5_marla_family_home_2_bedrooms_tv_lounge_garden-53445573-3213-1.html,islamabad,7600000,"Modern 5 Marla Family Home 2 Bedrooms, TV Lounge & Garden","DHA Valley - Oleander Sector, DHA Valley, DHA Defence, Islamabad, Islamabad Capital",5 Marla,2,2,House,2023,1,,,1,Yes,,,,,,,,
https://www.zameen.com/Property/dha_valley_oleander_sector_oleander_sector_-_dha_homes_main_boulevard_facing_8_marla_double_storey_house_dha_phase_7_rawalpindi-52901160-16825-1.html,islamabad,16000000,"Main Boulevard Facing 8 Marla Double Storey House DHA Phase 7, Rawalpindi","Oleander Sector - DHA Homes, DHA Valley - Oleander Sector, DHA Valley, DHA Defence, Islamabad, Islamabad Capital",8 Marla,3,3,House,2023,2,1,1,1,Yes,Yes,,,,,,,
https://www.zameen.com/Property/g_13_g-13_2_30x60_7_marla_used_house_for_sale_g-13_2-54221514-3338-1.html,islamabad,51500000,30x60 7 Marla Used House For Sale G-13/2,"G-13/2, G-13, Islamabad, Islamabad Capital",7 Marla,4,4,House,2018,1,1,1,2,Yes,Yes,,,,,,,
https://www.zameen.com/Property/islamabad_g-13_house_sized_5_marla_in_g-13-54090435-330-1.html,islamabad,45000000,House Sized 5 Marla In G-13,"G-13, Islamabad, Islamabad Capital",4 Marla,4,5,House,2025,Yes,Yes,Yes,Yes,Yes,Yes,,,,,,,
https://www.zameen.com/Property/g_13_g-13_4_beautiful_house_for_sale_g-13_4_islamabad-54159580-3340-1.html,islamabad,42500000,Beautiful House For Sale G-13/4 Islamabad,"G-13/4, G-13, Islamabad, Islamabad Capital",4 Marla,4,5,House,2026,Yes,Yes,Yes,Yes,Yes,Yes,,,,,,,
https://www.zameen.com/Property/islamabad_g-13_5_marla_brand_new_luxury_double_story_house_for_sale_in_g-14_4_islamabad-54175428-330-1.html,islamabad,57500000,"5 Marla Brand New Luxury Double Story House for Sale in G-14/4, Islamabad","G-13, Islamabad, Islamabad Capital",5 Marla,5,6,House,2026,Yes,Yes,Yes,Yes,Yes,Yes,,,,,,,
https://www.zameen.com/Property/g_14_g-14_4_8_marla_used_good_house_for_sale_g-14_4_islamabad_best_opportunity_for_living_investment_contact_now_for_more_details-54184537-3346-1.html,islamabad,55000000,8 Marla Used Good House For Sale G-14/4 Islamabad Best Opportunity For Living Investment Contact Now For More Details,"G-14/4, G-14, Islamabad, Islamabad Capital",8 Marla,5,6,House,2015,Yes,Yes,Yes,Yes,Yes,Yes,,,,,,,
https://www.zameen.com/Property/d_12_d-12_1_stunning_4_marla_house_in_d-12_1_available-54232728-3154-1.html,islamabad,53000000,Stunning 4 Marla House In D-12/1 Available,"D-12/1, D-12, Islamabad, Islamabad Capital",4 Marla,3,3,House,,,,,,Yes,Yes,,,,,,,
https://www.zameen.com/Property/top_city_1_top_city_1_-_block_b_4500_sq_ft_prime_location_near_school_market_mosque_ready_to_move_designer_house_for_sale_block-b_top_city-1_islamabad-54045926-9230-1.html,islamabad,95000000,"4500 Sq. Ft Prime Location, Near School, Market & Mosque, Ready to Move Designer House for Sale Block-B, Top City-1 , ISlamabad.","Top City 1 - Block B, Top City 1, Islamabad, Islamabad Capital",1 Kanal,6,7,House,,Yes,1,Yes,2,Yes,Yes,,,,,,,
https://www.zameen.com/Property/top_city_1_top_city_1_-_block_d_10_marla_corner_brand_new_house_for_sale_in_topcity-1_islamabad-53172537-9233-1.html,islamabad,46000000,10 Marla Corner Brand New House For Sale In Topcity-1 Islamabad,"Top City 1 - Block D, Top City 1, Islamabad, Islamabad Capital",10 Marla,6,6,House,2020,3,2,1,2,Yes,Yes,,,,,,,
https://www.zameen.com/Property/islamabad_mumtaz_city_10_marla_main_double_road_house_for_sale_in_mumtaz_city-1-53622328-3464-1.html,islamabad,41000000,10 Marla Main Double Road House For Sale In Mumtaz City-1,"Mumtaz City, Islamabad, Islamabad Capital",10 Marla,5,6,House,2021,3,1,1,2,Yes,Yes,,,,,,,
https://www.zameen.com/Property/bahria_enclave_the_royal_mall_and_residency_royal_mall_two_bedroom_with_servant_quarter_7th_floor_avenue_facing-53758539-10909-1.html,islamabad,17000000,Royal Mall Two Bedroom With Servant Quarter 7th Floor Avenue Facing,"The Royal Mall and Residency, Bahria Enclave, Bahria Town, Islamabad, Islamabad Capital",6.4 Marla,2,2,Flat,2023,1,1,1,1,Yes,Yes,,,,,,,
https://www.zameen.com/Property/jinnah_gardens_jinnah_gardens_phase_1_prime_location_jinnah_gardens_phase_1_house_sized_12_marla_is_available-54140569-1421-1.html,islamabad,67500000,Prime Location Jinnah Gardens Phase 1 House Sized 12 Marla Is Available,"Jinnah Gardens Phase 1, Jinnah Gardens, FECHS, Islamabad, Islamabad Capital",12 Marla,6,6,House,,,,,2,Yes,Yes,,,,,,,
https://www.zameen.com/Property/jinnah_gardens_jinnah_gardens_phase_1_in_islamabad_you_can_find_the_perfect_prime_location_house_for_sale-54140571-1421-1.html,islamabad,67000000,In Islamabad You Can Find The Perfect Prime Location House For Sale,"Jinnah Gardens Phase 1, Jinnah Gardens, FECHS, Islamabad, Islamabad Capital",12 Marla,6,6,House,,1,1,,2,Yes,Yes,,,,,,,
https://www.zameen.com/Property/jinnah_gardens_jinnah_gardens_phase_1_spacious_prime_location_house_is_available_for_sale_in_ideal_location_of_jinnah_gardens_phase_1-54140570-1421-1.html,islamabad,55000000,Spacious Prime Location House Is Available For Sale In Ideal Location Of Jinnah Gardens Phase 1,"Jinnah Gardens Phase 1, Jinnah Gardens, FECHS, Islamabad, Islamabad Capital",10 Marla,6,6,House,,,,,2,Yes,Yes,,,,,,,
https://www.zameen.com/Property/jinnah_gardens_jinnah_gardens_phase_1_house_for_sale-54158179-1421-1.html,islamabad,28500000,House For Sale,"Jinnah Gardens Phase 1, Jinnah Gardens, FECHS, Islamabad, Islamabad Capital",5 Marla,4,5,House,2022,Yes,,,,,,,,,,,,
https://www.zameen.com/Property/islamabad_top_city_1_double_road_corner_brand_new_designer_luxurious_house_available-54106109-1383-1.html,islamabad,62500000,Double Road Corner Brand New Designer & Luxurious House Available,"Top City 1, Islamabad, Islamabad Capital",10 Marla,6,6,House,2026,2,1,1,,Yes,Yes,,,,,,,
https://www.zameen.com/Property/bahria_enclave_bahria_enclave_-_sector_c2_headline_dream_home_in_prime_c2_park_face_house_bahria_enclave_excellent_finishing-53912444-11988-1.html,islamabad,52000000,Headline Dream Home In Prime C2 Park Face House Bahria Enclave Excellent Finishing,"Bahria Enclave - Sector C2, Bahria Enclave, Bahria Town, Islamabad, Islamabad Capital",10 Marla,5,6,House,2023,1,,,1,Yes,Yes,,,,,,,
https://www.zameen.com/Property/kashmir_highway_eighteen_eighteen_islamabad_prime_location_with_high_returns_for_sale-54213753-12602-1.html,islamabad,72000000,Eighteen Islamabad Prime Location With High Returns For Sale,"Eighteen, Kashmir Highway, Islamabad, Islamabad Capital",1 Kanal,,,House,,Yes,Yes,Yes,Yes,Yes,Yes,,,,,,,
https://www.zameen.com/Property/islamabad_f-8_f_8_house_available_100_180_2000_square_yards_near_margla_road-53178415-166-1.html,islamabad,650000000,F 8 House Available 100*180 2000 Square Yards Near Margla Road.,"F-8, Islamabad, Islamabad Capital",4 Kanal,10,6,House,2000,20,3,2,2,Yes,Yes,,,,,,,
https://www.zameen.com/Property/islamabad_f-7_f_7_2_old_house_size_60_100_666_square_yards-53178506-165-1.html,islamabad,290000000,F 7/2 Old House Size 60*100 666 Square Yards.,"F-7, Islamabad, Islamabad Capital",1.3 Kanal,6,6,House,1995,10,1,2,2,Yes,Yes,,,,,,,
https://www.zameen.com/Property/islamabad_f-10_f_10_house_available_5_bed_with_bath_close_and_street-53765708-162-1.html,islamabad,199000000,F 10 House Available 5 Bed with bath close and street.,"F-10, Islamabad, Islamabad Capital",1.1 Kanal,5,6,House,2015,10,2,2,2,Yes,Yes,,,,,,,
https://www.zameen.com/Property/islamabad_f-11_f-11_3_house_available_50_90_near_green_belt_beautiful_location-53890151-163-1.html,islamabad,209000000,F-11/3 House Available 50*90 Near Green Belt Beautiful Location,"F-11, Islamabad, Islamabad Capital",1 Kanal,5,6,House,2005,8,2,2,2,Yes,Yes,,,,,,,
https://www.zameen.com/Property/islamabad_g-13_8_marla_used_house_for_sale_g-13_2_used_good-54213432-330-1.html,islamabad,55000000,8 Marla Used House For Sale G-13/2 Used Good,"G-13, Islamabad, Islamabad Capital",8 Marla,5,6,House,2017,Yes,Yes,Yes,Yes,Yes,Yes,,,,,,,
https://www.zameen.com/Property/islamabad_g-13_g-13_40x80_brand_new_double_story_luxury_house_available_for_sale-54119643-330-1.html,islamabad,110000000,G-13 40x80 Brand new Double story Luxury House available for sale,"G-13, Islamabad, Islamabad Capital",14 Marla,6,7,House,,,,,,Yes,Yes,,,,,,,
https://www.zameen.com/Property/islamabad_g-13_g-13_25x40_brand_new_double_storey_house_available_for_sale-54146138-330-1.html,islamabad,41000000,G-13 25x40 Brand New Double Storey House Available For Sale,"G-13, Islamabad, Islamabad Capital",4 Marla,4,,House,,,,,,Yes,Yes,,,,,,,
https://www.zameen.com/Property/islamabad_g-13_g-13_30x60_brand_new_double_storey_house_available-54159080-330-1.html,islamabad,65000000,G-13 30x60 Brand New Double Storey House Available,"G-13, Islamabad, Islamabad Capital",7 Marla,6,6,House,,8,,,,Yes,Yes,,,,,,,
https://www.zameen.com/Property/dha_defence_dha_defence_phase_1_nice_location_one_kanal_out_class_condition_house_available_for_sale-53833791-376-1.html,islamabad,85000000,NICE LOCATION ONE KANAL OUT CLASS CONDITION HOUSE AVAILABLE FOR SALE,"DHA Defence Phase 1, DHA Defence, Islamabad, Islamabad Capital",1 Kanal,6,6,House,2023,3,2,2,2,Yes,Yes,,,,,,,
https://www.zameen.com/Property/dha_defence_dha_defence_phase_1_out_class_location_brand_new_one_kanal_designer_house_avail_for_sale-53586202-376-1.html,islamabad,99500000,OUT CLASS LOCATION BRAND NEW ONE KANAL DESIGNER HOUSE AVAIL FOR SALE,"DHA Defence Phase 1, DHA Defence, Islamabad, Islamabad Capital",1 Kanal,5,6,House,2025,2,2,2,2,Yes,Yes,,,,,,,
https://www.zameen.com/Property/faisal_town_phase_1_faisal_town_phase_1_-_block_a_one_kanal_main_double_road_modren_house_for_sale_at_prime_location-50268925-16416-1.html,islamabad,145000000,ONE KANAL MAIN DOUBLE ROAD MODREN HOUSE FOR SALE AT PRIME LOCATION,"Faisal Town Phase 1 - Block A, Faisal Town Phase 1, Faisal Town - F-18, Islamabad, Islamabad Capital",1 Kanal,11,6,House,2023,3,1,2,3,Yes,Yes,,,,,,,
https://www.zameen.com/Property/naval_anchorage_naval_anchorage_-_block_e_1_kanal_6-bedroom_modern_residence_block_e_naval_anchorage_islamabad-54161109-3471-1.html,islamabad,85000000,1 Kanal 6-Bedroom Modern Residence | Block E | Naval Anchorage Islamabad,"Naval Anchorage - Block E, Naval Anchorage, Islamabad, Islamabad Capital",1 Kanal,6,7,House,,3,1,,,,,,,,,,,
https://www.zameen.com/Property/islamabad_h-13_fully_furnished_2-bed_apartment_for_sale_kk_residencia_h-13_islamabad-54148131-1039-1.html,islamabad,12500000,"Fully Furnished 2-Bed Apartment for Sale KK Residencia, H-13 Islamabad","H-13, Islamabad, Islamabad Capital",4.8 Marla,2,2,Flat,2025,Yes,,,1,Yes,Yes,,,,,,,
https://www.zameen.com/Property/bahria_enclave_bahria_enclave_-_sector_n_brand_new_designer_house_for_sale_in_sector_n_3_bedroom_a_construction_owner_build_in_bahria_enclave_islamabad-54214598-11975-1.html,islamabad,27000000,Brand New Designer House for sale in Sector N 3 bedroom A+Construction Owner build In Bahria Enclave Islamabad,"Bahria Enclave - Sector N, Bahria Enclave, Bahria Town, Islamabad, Islamabad Capital",5 Marla,3,4,House,2026,2,1,1,1,Yes,Yes,,,,,,,
https://www.zameen.com/Property/e_11_e-11_4_on_excellent_location_house_for_sale-54135802-3241-1.html,islamabad,55000000,On Excellent Location House For Sale,"E-11/4, E-11, Islamabad, Islamabad Capital",6 Marla,4,5,House,2024,1,1,,2,Yes,Yes,,,,,,,
https://www.zameen.com/Property/lehtrar_road_rahman_enclave_elegant_cda_approved_10_marla_triple_story_luxury_house_for_sale_in_islamabad_rehman_enclave-54079022-17143-1.html,islamabad,69500000,Elegant CDA Approved 10 Marla Triple Story Luxury House for Sale in Islamabad Rehman Enclave,"Rahman Enclave, Lehtrar Road, Islamabad, Islamabad Capital",10 Marla,,,House,,2,1,1,3,Yes,,,,,,,,
https://www.zameen.com/Property/kuri_road_phaf_officers_residencia_pha_officer_residencia_kuri_road_islamabad_brand_new_house-52793657-13099-1.html,islamabad,42500000,PHA Officer Residencia Kuri Road Islamabad BRAND New House,"PHAF Officers Residencia, Kuri Road, Islamabad, Islamabad Capital",8 Marla,5,6,House,2015,1,1,1,1,Yes,Yes,,,,,,,
https://www.zameen.com/Property/islamabad_f-8_50_x_90_investor_rate_house_is_for_sale-53612587-166-1.html,islamabad,225000000,50 X 90 Investor Rate House Is For SALE,"F-8, Islamabad, Islamabad Capital",1 Kanal,5,6,House,,Yes,,,,,,,,,,,,
https://www.zameen.com/Property/islamabad_f-8_ultra-modern_luxurious_house_with_swimming_pool-53815112-166-1.html,islamabad,600000000,Ultra-Modern Luxurious House with Swimming Pool,"F-8, Islamabad, Islamabad Capital",1.8 Kanal,6,7,House,,Yes,Yes,Yes,Yes,Yes,Yes,,,,,,,
https://www.zameen.com/Property/f_6_f-6_3_f_6_3_house_available_1000_square_yards_beautiful_location_for_sale-53987708-3301-1.html,islamabad,550000000,F 6/3 House Available 1000 Square Yards Beautiful Location For Sale,"F-6/3, F-6, Islamabad, Islamabad Capital",2 Kanal,6,6,House,2000,8,2,2,2,Yes,Yes,,,,,,,
https://www.zameen.com/Property/islamabad_f-11_f_11_house_available_with_basement_on_beautiful_location-53987824-163-1.html,islamabad,179000000,F 11 House Available With Basement On Beautiful Location.,"F-11, Islamabad, Islamabad Capital",1 Kanal,8,6,House,2005,5,2,2,3,Yes,Yes,,,,,,,
https://www.zameen.com/Property/islamabad_e-7_e_7_house_available_1000_square_yards_margla_facing-54022961-343-1.html,islamabad,550000000,E 7 House Available 1000 Square Yards Margla Facing.,"E-7, Islamabad, Islamabad Capital",2 Kanal,7,6,House,2000,6,2,2,2,Yes,Yes,,,,,,,
https://www.zameen.com/Property/islamabad_g-13_g-13_40x80_brand_new_double_storey_house_available-54187794-330-1.html,islamabad,125000000,G-13 40x80 Brand New Double Storey House Available,"G-13, Islamabad, Islamabad Capital",14 Marla,6,6,House,,,,,,Yes,Yes,,,,,,,
https://www.zameen.com/Property/dha_defence_dha_defence_phase_4_out_class_location_one_kanal_designer_house_available_for_sale-53820511-8413-1.html,islamabad,84000000,OUT CLASS LOCATION ONE KANAL DESIGNER HOUSE AVAILABLE FOR SALE,"DHA Defence Phase 4, DHA Defence, Islamabad, Islamabad Capital",1.1 Kanal,5,6,House,2025,3,2,2,2,Yes,Yes,,,,,,,
https://www.zameen.com/Property/dha_defence_dha_defence_phase_2_3_kanal_luxurious_house_for_sale_in_dha-2_islamabad-54253471-339-1.html,islamabad,450000000,3 kanal luxurious house for sale in DHA-2 ISLAMABAD,"DHA Defence Phase 2, DHA Defence, Islamabad, Islamabad Capital",3 Kanal,7,7,House,2026,6,3,3,3,Yes,Yes,,,,,,,
https://www.zameen.com/Property/dha_defence_dha_defence_phase_2_1_kanal_aesthetically_designed_house_for_sale_in_dha-2_islamabad-52790101-339-1.html,islamabad,129000000,1 Kanal Aesthetically Designed House For Sale In DHA-2 Islamabad,"DHA Defence Phase 2, DHA Defence, Islamabad, Islamabad Capital",1 Kanal,5,6,House,2025,3,2,2,2,Yes,Yes,,,,,,,
https://www.zameen.com/Property/islamabad_top_city_1_for_sale_3_bedrooms_apartment_on_4_5_years_installment_plan_top_city_-1-54086342-1383-1.html,islamabad,14500000,FOR SALE 3 Bedrooms Apartment On 4.5 Years Installment Plan Top City -1,"Top City 1, Islamabad, Islamabad Capital",6.4 Marla,3,3,Flat,,Yes,,Yes,Yes,Yes,Yes,,,,,,,
https://www.zameen.com/Property/dha_defence_dha_defence_phase_4_1_kanal_brand_new_designer_house_available_for_sale_in_dha_phase_4_islamabad-53883378-8413-1.html,islamabad,97500000,1 Kanal Brand New Designer House Available For Sale In DHA PHASE 4 Islamabad,"DHA Defence Phase 4, DHA Defence, Islamabad, Islamabad Capital",1 Kanal,6,7,House,2026,4,1,2,2,Yes,Yes,,,,,,,
https://www.zameen.com/Property/faisal_town_phase_1_faisal_town_phase_1_-_block_c_8_marla_luxury_house_for_sale_in_faisal_town-54232206-16418-1.html,islamabad,38000000,8 MARLA LUXURY HOUSE FOR SALE IN FAISAL TOWN,"Faisal Town Phase 1 - Block C, Faisal Town Phase 1, Faisal Town - F-18, Islamabad, Islamabad Capital",8 Marla,6,7,House,,2,1,2,2,Yes,Yes,,,,,,,
https://www.zameen.com/Property/e_18_gulshan-e-sehat_1_7_marla_single_storey_house_for_sale_e-18_gulshan-e-sehat_islamabad-54113684-3258-1.html,islamabad,15000000,"7 Marla Single Storey House for Sale E-18 Gulshan-e-Sehat, Islamabad","Gulshan-e-Sehat 1, E-18, Islamabad, Islamabad Capital",7 Marla,3,3,House,2016,1,,1,1,Yes,Yes,,,,,,,
https://www.zameen.com/Property/e_18_gulshan-e-sehat_1_7_marla_single_storey_house_for_sale_e-18_gulshan-e-sehat_islamabad-54113685-3258-1.html,islamabad,15000000,"7 Marla Single Storey House for Sale E-18 Gulshan-e-Sehat, Islamabad","Gulshan-e-Sehat 1, E-18, Islamabad, Islamabad Capital",7 Marla,3,3,House,2023,4,2,2,2,Yes,Yes,,,,,,,
https://www.zameen.com/Property/dha_defence_dha_defence_phase_2_architecture_5_beds_solid_construction_bungalow_for_sale-52405997-339-1.html,islamabad,142500000,Architecture 5 Beds Solid Construction Bungalow For Sale,"DHA Defence Phase 2, DHA Defence, Islamabad, Islamabad Capital",1 Kanal,5,6,House,2025,3,2,2,2,Yes,Yes,,,,,,,
https://www.zameen.com/Property/islamabad_e-11_beautiful_location_house_for_sale-54139168-329-1.html,islamabad,87000000,BEAUTIFUL LOCATION HOUSE FOR SALE,"E-11, Islamabad, Islamabad Capital",12 Marla,6,6,House,,2,1,,2,Yes,Yes,,,,,,,
https://www.zameen.com/Property/islamabad_bani_gala_16_marla_house_with_solar_installed_in_bani_gala-54127626-340-1.html,islamabad,55000000,16 Marla House With Solar Installed In Bani Gala,"Bani Gala, Islamabad, Islamabad Capital",16 Marla,6,7,House,2025,2,1,1,2,Yes,Yes,,,,,,,
https://www.zameen.com/Property/bahria_enclave_bahria_enclave_-_sector_c_1_kanal_brand_new_house_available_for_sale_in_sector_c_bahria_enclave_islamabad-54155786-11973-1.html,islamabad,110000000,1 Kanal brand new house available for sale in sector C bahria enclave Islamabad,"Bahria Enclave - Sector C, Bahria Enclave, Bahria Town, Islamabad, Islamabad Capital",1 Kanal,6,6,House,2025,4,1,,2,Yes,Yes,,,,,,,
https://www.zameen.com/Property/islamabad_bani_gala_1_kanal_semi_triple_storey_house_for_sale_very_prime_location_in_bani_gala-54207752-340-1.html,islamabad,75000000,1 Kanal Semi Triple Storey House For Sale Very Prime Location In Bani Gala,"Bani Gala, Islamabad, Islamabad Capital",1 Kanal,8,6,House,,,,,,,,,,,,,,
https://www.zameen.com/Property/islamabad_b-17_house_available_for_sale_c-1_size_5_marla_in_multi_gardens_b-17_islamabad-54247961-616-1.html,islamabad,29500000,HOUSE AVAILABLE FOR SALE c-1 SIZE 5 MARLA IN MULTI GARDENS B-17 ISLAMABAD,"B-17, Islamabad, Islamabad Capital",5 Marla,4,6,House,2026,1,1,1,2,Yes,Yes,,,,,,,
https://www.zameen.com/Property/islamabad_b-17_house_available_for_sale_c_size_10_marla_in_multi_gardens_b-17_islamabad-54247971-616-1.html,islamabad,55000000,HOUSE AVAILABLE FOR SALE C SIZE 10 MARLA IN MULTI GARDENS B-17 ISLAMABAD,"B-17, Islamabad, Islamabad Capital",10 Marla,4,7,House,2026,2,1,,2,Yes,Yes,,,,,,,
https://www.zameen.com/Property/dha_defence_dha_defence_phase_2_1_kanal_modern_designed_house_for_sale_in_dha_phase_2_islamabad-54137974-339-1.html,islamabad,126000000,1 kanal Modern Designed House For Sale In DHA Phase 2 Islamabad,"DHA Defence Phase 2, DHA Defence, Islamabad, Islamabad Capital",1 Kanal,5,6,House,2026,3,2,2,2,Yes,Yes,,,,,,,
https://www.zameen.com/Property/islamabad_f-7_f-7_500_square_yards_luxury_house_for_sale-54017495-165-1.html,islamabad,200000000,F-7 | 500 Square Yards Luxury House For Sale,"F-7, Islamabad, Islamabad Capital",1 Kanal,7,7,House,,Yes,Yes,Yes,Yes,Yes,Yes,,,,,,,
https://www.zameen.com/Property/islamabad_e-11_e_11_house_available_main_double_road_50_90_back_open-54115481-329-1.html,islamabad,179000000,E 11 House Available Main Double Road 50*90 Back Open.,"E-11, Islamabad, Islamabad Capital",1 Kanal,8,6,House,2024,6,3,2,3,Yes,Yes,,,,,,,
https://www.zameen.com/Property/islamabad_f-8_f_8_house_available_60_100_on_beautiful_location-54137526-166-1.html,islamabad,265000000,F 8 House Available 60*100 On Beautiful Location.,"F-8, Islamabad, Islamabad Capital",1.3 Kanal,6,6,House,2000,8,2,2,2,Yes,Yes,,,,,,,
https://www.zameen.com/Property/islamabad_f-11_f_11_parka_facing_444_square_yards_house_available_40_90_tile_flooring-54180397-163-1.html,islamabad,158000000,F 11 parka facing 444 square yards house available 40*90. tile flooring.,"F-11, Islamabad, Islamabad Capital",17.8 Marla,6,6,House,2015,5,2,2,2,Yes,Yes,,,,,,,
https://www.zameen.com/Property/islamabad_f-10_f_10_2_511_square_yards_house_available_tile_flooring_close_and_street_front_back_open_back_park_facing-52717540-162-1.html,islamabad,169000000,F 10/2 511 Square Yards House Available Tile Flooring Close And Street Front Back Open Back Park Facing.,"F-10, Islamabad, Islamabad Capital",1 Kanal,6,6,House,2000,8,1,2,1,Yes,Yes,,,,,,,
https://www.zameen.com/Property/islamabad_bani_gala_4_kanal_farm_house_for_sale_ideal_corner_house-53650942-340-1.html,islamabad,180000000,4 Kanal Farm House For Sale Ideal Corner House.,"Bani Gala, Islamabad, Islamabad Capital",4 Kanal,6,7,Farm House,2015,12,1,,,,,,,,,,,
https://www.zameen.com/Property/dha_defence_dha_defence_phase_2_dha_phase_2_islamabad_1_kanal_designer_house_for_sale_with_15_kva_solar_near_to_giga_mall-53804920-339-1.html,islamabad,125000000,DHA PHASE 2 ISLAMABAD 1 KANAL DESIGNER HOUSE FOR SALE WITH 15 KVA SOLAR NEAR TO GIGA MALL,"DHA Defence Phase 2, DHA Defence, Islamabad, Islamabad Capital",1 Kanal,5,6,House,2026,4,1,2,2,Yes,Yes,,,,,,,
https://www.zameen.com/Property/dha_defence_dha_defence_phase_2_1_kanal_beautiful_design_furnished_house_for_sale_in_dha_2_islamabad-54248969-339-1.html,islamabad,127500000,1 Kanal Beautiful Design Furnished House for Sale In DHA 2 Islamabad,"DHA Defence Phase 2, DHA Defence, Islamabad, Islamabad Capital",1 Kanal,5,6,House,2026,3,Yes,Yes,2,Yes,Yes,,,,,,,
https://www.zameen.com/Property/ghauri_town_ghauri_town_phase_4_c2_new_4_marla_double_storey_house_electricity_no_water_30_feet-54253338-16230-1.html,islamabad,12900000,New 4 Marla Double Storey House Electricity No water 30 Feet,"Ghauri Town Phase 4 C2, Ghauri Town, Islamabad, Islamabad Capital",4 Marla,4,4,House,2000,8,2,2,2,Yes,Yes,,,,,,,
https://www.zameen.com/Property/dha_defence_dha_defence_phase_2_1_kanal_elegant_royal_roman_design_furnished_house_for_sale_in_dha_2_islamabad-54245771-339-1.html,islamabad,115000000,1 Kanal Elegant Royal Roman Design Furnished House for Sale In DHA 2 Islamabad,"DHA Defence Phase 2, DHA Defence, Islamabad, Islamabad Capital",1 Kanal,6,7,House,,3,Yes,Yes,2,Yes,Yes,,,,,,,
https://www.zameen.com/Property/islamabad_top_city_1_for_sale_1100_sqft_2_bedrooms_apartment_top_city-1-54163327-1383-1.html,islamabad,11000000,FOR SALE 1100 Sqft 2 Bedrooms Apartment TOP CITY-1,"Top City 1, Islamabad, Islamabad Capital",4.9 Marla,2,2,Flat,,Yes,,Yes,Yes,Yes,Yes,,,,,,,
https://www.zameen.com/Property/gulberg_greens_gulberg_greens_-_block_a_4_kanal_luxury_designer_beautiful_farmhouse_for_sale_on_investor_price_in_gulberg_greens-53700896-8313-1.html,islamabad,350000000,4 Kanal Luxury Designer Beautiful Farmhouse For Sale On Investor Price In Gulberg Greens,"Gulberg Greens - Block A, Gulberg Greens, Gulberg, Islamabad, Islamabad Capital",4 Kanal,11,7,Farm House,2022,Yes,3,4,6,Yes,Yes,,,,,,,
https://www.zameen.com/Property/dha_defence_dha_defence_phase_2_1_kanal_brand_new_house_available_for_sale_in_dha_2_islamabad-54253260-339-1.html,islamabad,115000000,1 Kanal Brand New House Available for Sale In DHA 2 Islamabad,"DHA Defence Phase 2, DHA Defence, Islamabad, Islamabad Capital",1 Kanal,6,7,House,2026,3,Yes,Yes,2,Yes,Yes,,,,,,,
https://www.zameen.com/Property/dha_defence_dha_defence_phase_5_beautiful_new_5_marla_house_for_sale_in_sector_f_dha_5-54223017-10991-1.html,islamabad,37500000,Beautiful New 5 Marla House For Sale In Sector F DHA 5,"DHA Defence Phase 5, DHA Defence, Islamabad, Islamabad Capital",5 Marla,4,6,House,2018,3,1,2,2,Yes,Yes,,,,,,,
